,,,Scor,Scor,Scor,Scor,,,Spec,Spec,,Shot,Shot,-additional
Rk,Player,Tm,G,A,PTS,+/-,PS,EV,PP,SH,GW,S,S%,-9999
1,Nicholas Abruzzese,TOR,0,2,2,1,0.2,0,0,0,0,2,0.0,abruzni01
2,Noel Acciari,TOT,14,9,23,-4,1.5,14,0,0,2,102,13.7,acciano01
2,Noel Acciari,STL,10,8,18,-6,1.1,10,0,0,1,74,13.5,acciano01
2,Noel Acciari,TOR,4,1,5,2,0.4,4,0,0,1,28,14.3,acciano01
3,Calen Addison,MIN,3,26,29,-17,3.2,3,0,0,1,77,3.9,addisca01
4,Egor Afanasyev,NSH,1,0,1,-7,-0.3,1,0,0,0,21,4.8,afanaeg01
5,Andrew Agozzino,SJS,1,2,3,-1,0.2,0,0,1,0,9,11.1,agozzan01
6,Sebastian Aho,CAR,36,31,67,8,8.2,26,7,3,9,218,16.5,ahose01
7,Sebastian Aho,NYI,5,18,23,9,4.6,5,0,0,0,89,5.6,ahose02
8,Nikita Alexandrov,STL,3,4,7,0,0.5,3,0,0,0,28,10.7,alexani01
9,Alexander Alexeyev,WSH,0,5,5,-2,0.9,0,0,0,0,28,0.0,alexeal01
10,Frédéric Allard,MTL,0,0,0,2,0.2,0,0,0,0,6,0.0,allarfr01
11,Wade Allison,PHI,9,6,15,-3,1.0,9,0,0,2,89,10.1,alliswa01
12,Michael Amadio,VEG,16,11,27,2,2.8,15,1,0,2,99,16.2,amadimi01
13,Nils Åman,VAN,4,12,16,-12,-0.1,4,0,0,1,50,8.0,amanni01
14,Joey Anderson,TOT,6,3,9,-8,0.5,6,0,0,1,41,14.6,anderjo08
14,Joey Anderson,CHI,4,2,6,-9,0.2,4,0,0,1,28,14.3,anderjo08
14,Joey Anderson,TOR,2,1,3,1,0.3,2,0,0,0,13,15.4,anderjo08
15,Josh Anderson,MTL,21,11,32,-8,2.8,16,4,1,5,164,12.8,anderjo05
16,Michael Anderson,LAK,5,15,20,20,5.2,4,1,0,1,90,5.6,andermi02
17,Jaret Anderson-Dolan,LAK,7,5,12,-11,0.6,7,0,0,2,54,13.0,anderja01
18,Lias Andersson,LAK,0,0,0,-1,-0.1,0,0,0,0,1,0.0,anderli01
19,Rasmus Andersson,CGY,11,38,49,5,8.0,9,1,1,4,159,6.9,anderra01
20,Andy Andreoff,NYI,0,1,1,-3,0.0,0,0,0,0,1,0.0,andrean01
21,Tyler Angle,CBJ,1,0,1,-2,0.1,1,0,0,0,5,20.0,anglety01
22,Mason Appleton,WPG,5,11,16,2,1.1,4,1,0,0,71,7.0,applema01
23,Josh Archibald,PIT,6,6,12,6,0.9,6,0,0,0,71,8.5,archijo01
24,Joel Armia,MTL,7,7,14,-7,0.7,6,0,1,0,69,10.1,armiajo01
25,Viktor Arvidsson,LAK,26,33,59,-4,5.7,15,10,1,2,228,11.4,arvidvi01
26,Rasmus Asplund,TOT,2,6,8,-6,-0.1,1,0,1,0,54,3.7,asplura01
26,Rasmus Asplund,BUF,2,6,8,0,0.4,1,0,1,0,33,6.1,asplura01
26,Rasmus Asplund,NSH,0,0,0,-6,-0.5,0,0,0,0,21,0.0,asplura01
27,Zach Aston-Reese,TOR,10,4,14,-6,0.7,10,0,0,2,89,11.2,astonza01
28,Andreas Athanasiou,CHI,20,20,40,-29,3.1,17,3,0,4,175,11.4,athanan01
29,Ronald Attard,PHI,0,0,0,0,0.0,0,0,0,0,5,0.0,attarro01
30,Nicolas Aubé-Kubel,TOT,4,8,12,1,0.7,4,0,0,0,67,6.0,aubekni01
30,Nicolas Aubé-Kubel,WSH,4,8,12,2,0.8,4,0,0,0,65,6.2,aubekni01
30,Nicolas Aubé-Kubel,TOR,0,0,0,-1,-0.1,0,0,0,0,2,0.0,aubekni01
31,Mikael Backlund,CGY,19,37,56,24,5.6,13,5,1,2,260,7.3,backlmi01
32,Nicklas Bäckström,WSH,7,14,21,-25,0.8,1,6,0,0,59,11.9,backsni02
33,Kevin Bahl,NJD,2,6,8,4,1.6,2,0,0,0,27,7.4,bahlke01
34,Josh Bailey,NYI,8,17,25,3,1.9,8,0,0,2,72,11.1,bailejo01
35,Rūdolfs Balcers,TOT,3,2,5,-1,0.4,3,0,0,0,24,12.5,balceru01
35,Rūdolfs Balcers,FLA,2,2,4,-2,0.2,2,0,0,0,21,9.5,balceru01
35,Rūdolfs Balcers,TBL,1,0,1,1,0.2,1,0,0,0,3,33.3,balceru01
36,Alexander Barabanov,SJS,15,32,47,-30,3.0,12,3,0,2,120,12.5,barabal01
37,Ivan Barbashev,TOT,16,29,45,1,3.5,14,2,0,2,126,12.7,barbaiv01
37,Ivan Barbashev,STL,10,19,29,-10,1.7,10,0,0,1,91,11.0,barbaiv01
37,Ivan Barbashev,VEG,6,10,16,11,1.8,4,2,0,1,35,17.1,barbaiv01
38,Cole Bardreau,NYI,0,0,0,0,0.0,0,0,0,0,0,,bardrco01
39,Aleksander Barkov,FLA,23,55,78,10,7.3,14,8,1,6,208,11.1,barkoal01
40,Alex Barré-Boulet,TBL,0,0,0,0,0.0,0,0,0,0,1,0.0,barreal01
41,Tyson Barrie,TOT,13,42,55,-7,7.0,9,4,0,1,163,8.0,barrity01
41,Tyson Barrie,EDM,10,33,43,-3,5.2,6,4,0,0,115,8.7,barrity01
41,Tyson Barrie,NSH,3,9,12,-4,1.8,3,0,0,1,48,6.3,barrity01
42,Justin Barron,MTL,4,11,15,-2,2.2,2,1,1,1,40,10.0,barroju01
43,Morgan Barron,WPG,8,13,21,4,1.5,7,0,1,2,112,7.1,barromo01
44,Mathew Barzal,NYI,14,37,51,5,4.9,10,4,0,5,139,10.1,barzama01
45,Nathan Bastian,NJD,6,9,15,7,1.3,6,0,0,1,62,9.7,bastina01
46,Drake Batherson,OTT,22,40,62,-35,4.7,8,14,0,2,249,8.8,bathedr01
47,Gavin Bayreuther,CBJ,2,12,14,-18,1.2,2,0,0,0,61,3.3,bayrega01
48,Jake Bean,CBJ,1,5,6,-2,0.8,1,0,0,0,16,6.3,beanja01
49,Ethan Bear,VAN,3,13,16,6,2.9,3,0,0,1,75,4.0,bearet01
50,Nathan Beaulieu,ANA,0,4,4,-23,-0.5,0,0,0,0,33,0.0,beaulna01
51,Anthony Beauvillier,TOT,18,22,40,-10,3.0,15,3,0,5,176,10.2,beauvan01
51,Anthony Beauvillier,NYI,9,11,20,-4,1.5,9,0,0,2,113,8.0,beauvan01
51,Anthony Beauvillier,VAN,9,11,20,-6,1.5,6,3,0,3,63,14.3,beauvan01
52,Owen Beck,MTL,0,0,0,-1,-0.1,0,0,0,0,0,,beckow01
53,Adam Beckman,MIN,0,0,0,-2,-0.2,0,0,0,0,12,0.0,beckmad01
54,Pierre-Édouard Bellemare,TBL,4,9,13,-9,-0.1,4,0,0,0,51,7.8,bellepi01
55,Kieffer Bellows,TOT,3,0,3,-8,-0.1,3,0,0,1,32,9.4,belloki01
55,Kieffer Bellows,PHI,3,0,3,-7,-0.1,3,0,0,1,32,9.4,belloki01
55,Kieffer Bellows,NYI,0,0,0,-1,0.0,0,0,0,0,0,,belloki01
56,Alex Belzile,MTL,6,8,14,0,1.3,6,0,0,0,40,15.0,belzial01
57,Emil Bemström,CBJ,7,15,22,-11,1.4,4,3,0,0,95,7.4,bemstem01
58,Matthew Beniers,SEA,24,33,57,14,5.8,20,4,0,4,148,16.2,beniema01
59,Jamie Benn,DAL,33,45,78,23,9.5,18,13,2,4,190,17.4,bennja01
60,Jordie Benn,TOR,1,1,2,-1,0.4,1,0,0,1,13,7.7,bennjo01
61,Sam Bennett,FLA,16,24,40,5,3.5,12,4,0,3,193,8.3,bennesa01
62,Matt Benning,SJS,1,23,24,-18,2.7,1,0,0,0,58,1.7,bennima01
63,Simon Benoit,ANA,3,7,10,-29,0.7,3,0,0,0,82,3.7,benoisi01
64,Tyler Benson,EDM,0,0,0,0,0.0,0,0,0,0,0,,bensoty01
65,Patrice Bergeron,BOS,27,31,58,35,7.0,16,9,2,7,249,10.8,bergepa01
66,Jonatan Berggren,DET,15,13,28,-14,2.2,10,5,0,0,98,15.3,berggjo02
67,Jacob Bernard-Docker,OTT,0,1,1,-2,0.3,0,0,0,0,22,0.0,bernaja01
68,Tim Berni,CBJ,1,2,3,-26,-0.3,1,0,0,0,58,1.7,berniti01
69,Tyler Bertuzzi,TOT,8,22,30,-8,2.0,4,4,0,0,107,7.5,bertuty01
69,Tyler Bertuzzi,DET,4,10,14,-12,0.6,3,1,0,0,62,6.5,bertuty01
69,Tyler Bertuzzi,BOS,4,12,16,4,1.5,1,3,0,0,45,8.9,bertuty01
70,William Bitten,STL,0,1,1,1,0.1,0,0,0,0,0,,bittewi01
71,Anders Bjork,TOT,2,6,8,4,0.9,2,0,0,0,15,13.3,bjorkan01
71,Anders Bjork,CHI,2,6,8,4,0.9,2,0,0,0,14,14.3,bjorkan01
71,Anders Bjork,BUF,0,0,0,0,0.0,0,0,0,0,1,0.0,bjorkan01
72,Marcus Björk,CBJ,3,8,11,-9,1.4,2,1,0,0,34,8.8,bjorkma01
73,Oliver Bjorkstrand,SEA,20,25,45,-1,3.9,15,5,0,1,198,10.1,bjorkol01
74,Tobias Björnfot,LAK,0,1,1,1,0.3,0,0,0,0,10,0.0,bjornto01
75,Nick Bjugstad,TOT,17,12,29,13,2.6,15,1,1,1,145,11.7,bjugsni01
75,Nick Bjugstad,ARI,13,10,23,7,1.9,11,1,1,0,111,11.7,bjugsni01
75,Nick Bjugstad,EDM,4,2,6,6,0.7,4,0,0,1,34,11.8,bjugsni01
76,Colin Blackwell,CHI,2,8,10,-16,-0.2,2,0,0,0,53,3.8,blackco01
77,Sammy Blais,TOT,9,16,25,4,2.0,9,0,0,1,70,12.9,blaissa01
77,Sammy Blais,NYR,0,5,5,1,-0.1,0,0,0,0,31,0.0,blaissa01
77,Sammy Blais,STL,9,11,20,3,2.1,9,0,0,1,39,23.1,blaissa01
78,Nick Blankenburg,CBJ,4,10,14,-16,1.4,4,0,0,1,50,8.0,blankni01
79,Anton Blidh,COL,0,0,0,-2,-0.2,0,0,0,0,9,0.0,blidhan01
80,Teddy Blueger,TOT,4,12,16,-9,0.2,4,0,0,1,85,4.7,bluegte01
80,Teddy Blueger,PIT,2,8,10,-7,0.0,2,0,0,1,62,3.2,bluegte01
80,Teddy Blueger,VEG,2,4,6,-2,0.3,2,0,0,0,23,8.7,bluegte01
81,Matěj Blümel,DAL,1,0,1,-2,0.0,1,0,0,0,7,14.3,blumema01
82,Brock Boeser,VAN,18,37,55,-20,3.9,12,6,0,3,178,10.1,boesebr01
83,Zach Bogosian,TBL,1,4,5,-4,0.8,1,0,0,0,54,1.9,bogosza01
84,Samuel Bolduc,NYI,2,1,3,5,1.1,2,0,0,1,20,10.0,boldusa01
85,Matt Boldy,MIN,31,32,63,1,6.9,23,8,0,5,255,12.2,boldyma01
86,Nick Bonino,TOT,10,9,19,-5,1.1,10,0,0,0,91,11.0,boninni01
86,Nick Bonino,SJS,10,9,19,-6,1.1,10,0,0,0,88,11.4,boninni01
86,Nick Bonino,PIT,0,0,0,1,0.0,0,0,0,0,3,0.0,boninni01
87,Adam Boqvist,CBJ,5,19,24,-12,3.0,5,0,0,1,68,7.4,boqviad01
88,Jesper Boqvist,NJD,10,11,21,8,1.8,10,0,0,2,67,14.9,boqvije01
89,Thomas Bordeleau,SJS,0,2,2,-3,-0.1,0,0,0,0,9,0.0,bordeth01
90,William Borgen,SEA,3,17,20,11,3.6,3,0,0,1,76,3.9,borgewi01
91,Henrik Borgström,WSH,0,0,0,0,0.0,0,0,0,0,0,,borgshe01
92,Mark Borowiecki,NSH,0,0,0,0,0.1,0,0,0,0,1,0.0,borowma01
93,Robert Bortuzzo,STL,2,3,5,9,1.6,2,0,0,0,30,6.7,borturo01
94,Evan Bouchard,EDM,8,32,40,6,5.4,6,2,0,2,156,5.1,bouchev01
95,Shane Bowers,COL,0,0,0,0,0.0,0,0,0,0,1,0.0,bowersh01
96,Travis Boyd,ARI,15,19,34,-32,1.1,13,2,0,3,94,16.0,boydtr01
97,Erik Brännström,OTT,2,16,18,5,3.6,2,0,0,0,74,2.7,branner01
98,Derick Brassard,OTT,13,10,23,3,2.5,8,5,0,4,92,14.1,brassde01
99,Jesper Bratt,NJD,32,41,73,14,8.1,24,8,0,3,212,15.1,brattje01
100,Justin Braun,PHI,0,2,2,-1,1.0,0,0,0,0,42,0.0,braunju01
101,Guillaume Brisebois,VAN,1,2,3,-2,0.4,1,0,0,0,15,6.7,brisegu01
102,Philip Broberg,EDM,1,7,8,6,1.4,1,0,0,0,32,3.1,brobeph01
103,T.J. Brodie,TOR,2,12,14,10,3.3,2,0,0,0,58,3.4,broditj01
104,Jonas Brodin,MIN,3,11,14,13,4.4,3,0,0,0,90,3.3,brodijo01
105,Jonny Brodzinski,NYR,1,1,2,3,0.1,1,0,0,0,27,3.7,brodzjo01
106,Connor Brown,WSH,0,0,0,-3,-0.2,0,0,0,0,2,0.0,brownco02
107,Josh Brown,ARI,4,3,7,-18,0.6,4,0,0,0,68,5.9,brownjo01
108,Logan Brown,STL,2,4,6,-4,0.1,2,0,0,0,18,11.1,brownlo01
109,Patrick Brown,TOT,4,8,12,-2,0.4,3,0,1,0,60,6.7,brownpa02
109,Patrick Brown,PHI,2,5,7,-6,-0.1,1,0,1,0,44,4.5,brownpa02
109,Patrick Brown,OTT,2,3,5,4,0.5,2,0,0,0,16,12.5,brownpa02
110,Jacob Bryson,BUF,1,8,9,-24,-0.4,1,0,0,0,27,3.7,brysoja01
111,Pavel Buchnevich,STL,26,41,67,14,7.3,18,8,0,2,123,21.1,buchnpa01
112,Michael Bunting,TOR,23,26,49,21,5.5,16,7,0,4,174,13.2,buntimi01
113,André Burakovsky,SEA,13,26,39,-9,3.2,9,4,0,3,105,12.4,burakan01
114,Callahan Burke,COL,0,0,0,-1,-0.1,0,0,0,0,2,0.0,burkeca01
115,Brent Burns,CAR,18,43,61,19,11.4,14,4,0,2,255,7.1,burnsbr01
116,Kyle Burroughs,VAN,2,3,5,-4,0.9,2,0,0,0,47,4.3,burroky01
117,Quinton Byfield,LAK,3,19,22,13,1.6,2,1,0,0,74,4.1,byfiequ01
118,Bowen Byram,COL,10,14,24,7,4.5,7,2,1,1,65,15.4,byrambo01
119,Drake Caggiula,PIT,0,0,0,-1,-0.1,0,0,0,0,2,0.0,caggidr01
120,Kyle Capobianco,WPG,2,0,2,1,0.7,2,0,0,1,14,14.3,capobky01
121,Michael Carcone,ARI,2,1,3,3,0.4,2,0,0,0,15,13.3,carcomi01
122,Brandon Carlo,BOS,3,13,16,44,6.0,3,0,0,0,94,3.2,carlobr01
123,John Carlson,WSH,9,20,29,-7,4.2,5,3,1,0,124,7.3,carlsjo01
124,Gabriel Carlsson,WSH,0,2,2,-1,0.2,0,0,0,0,3,0.0,carlsga01
125,Lucas Carlsson,FLA,0,0,0,-1,-0.1,0,0,0,0,2,0.0,carlslu01
126,Ryan Carpenter,NYR,1,2,3,-5,-0.1,1,0,0,0,17,5.9,carpery01
127,Connor Carrick,BOS,0,1,1,3,0.3,0,0,0,0,2,0.0,carrico01
128,Sam Carrick,ANA,3,4,7,-17,-0.6,3,0,0,0,50,6.0,carrisa01
129,Alexandre Carrier,NSH,2,7,9,0,2.0,2,0,0,1,48,4.2,carrial01
130,William Carrier,VEG,16,9,25,15,3.3,16,0,0,7,118,13.6,carriwi01
131,Jeff Carter,PIT,13,16,29,-16,1.7,9,4,0,2,139,9.4,carteje01
132,Jackson Cates,PHI,0,0,0,0,-0.1,0,0,0,0,4,0.0,catesja01
133,Noah Cates,PHI,13,25,38,3,2.8,9,3,1,5,107,12.1,catesno01
134,Cole Caufield,MTL,26,10,36,-10,4.2,19,7,0,3,158,16.5,caufico01
135,Cody Ceci,EDM,1,14,15,11,2.7,1,0,0,0,88,1.1,cecico01
136,Erik Černák,TBL,2,14,16,8,3.3,1,0,1,0,87,2.3,cernaer01
137,Thomas Chabot,OTT,11,30,41,-11,6.1,6,5,0,0,165,6.7,chaboth01
138,Rourke Chartier,OTT,0,0,0,0,-0.1,0,0,0,0,8,0.0,chartro01
139,Jalen Chatfield,CAR,6,8,14,23,5.0,5,0,1,2,93,6.5,chatfja01
140,Ben Chiarot,DET,5,14,19,-31,2.0,5,0,0,0,110,4.5,chiarbe01
141,Alex Chiasson,DET,6,3,9,-8,0.8,1,5,0,0,25,24.0,chiasal01
142,Yegor Chinakhov,CBJ,4,9,13,-6,0.8,3,1,0,0,44,9.1,chinaye01
143,Dennis Cholowski,NYI,0,0,0,-1,0.0,0,0,0,0,0,,cholode01
144,Jake Christiansen,CBJ,0,4,4,-7,0.3,0,0,0,0,25,0.0,chrisja01
145,Jakob Chychrun,TOT,9,24,33,7,5.4,5,4,0,0,144,6.3,chychja01
145,Jakob Chychrun,ARI,7,21,28,8,4.6,3,4,0,0,114,6.1,chychja01
145,Jakob Chychrun,OTT,2,3,5,-1,0.9,2,0,0,0,30,6.7,chychja01
146,Filip Chytil,NYR,22,23,45,15,5.2,19,3,0,4,177,12.4,chytifi01
147,Nick Cicek,SJS,0,4,4,-7,0.1,0,0,0,0,3,0.0,cicekni01
148,Anthony Cirelli,TBL,11,18,29,13,2.7,8,1,2,1,111,9.9,cirelan01
149,Casey Cizikas,NYI,6,15,21,0,0.8,6,0,0,0,111,5.4,cizikca01
150,Kale Clague,BUF,0,4,4,-3,0.4,0,0,0,0,24,0.0,claguka01
151,Brandt Clarke,LAK,0,2,2,-1,0.2,0,0,0,0,11,0.0,clarkbr02
152,Kyle Clifford,TOR,0,1,1,1,0.1,0,0,0,0,2,0.0,cliffky01
153,Connor Clifton,BOS,5,18,23,20,5.1,4,0,1,0,93,5.4,cliftco01
154,Cal Clutterbuck,NYI,6,6,12,9,1.2,6,0,0,1,44,13.6,cluttca01
155,Dylan Coghlan,CAR,0,3,3,-1,0.5,0,0,0,0,29,0.0,coghldy01
156,Andrew Cogliano,COL,10,9,19,6,1.3,10,0,0,0,85,11.8,coglian01
157,Ian Cole,TBL,3,14,17,13,4.0,3,0,0,0,109,2.8,coleia01
158,Blake Coleman,CGY,18,20,38,9,3.7,16,0,2,2,188,9.6,colembl01
159,Ross Colton,TBL,16,16,32,-8,2.6,12,4,0,3,153,10.5,coltoro01
160,J.T. Compher,COL,17,35,52,8,4.1,12,5,0,3,154,11.0,comphj.01
161,Max Comtois,ANA,9,10,19,-20,0.5,9,0,0,0,89,10.1,comtoma01
162,Lucas Condotta,MTL,1,0,1,0,0.2,1,0,0,0,5,20.0,condolu01
163,Kyle Connor,WPG,31,49,80,-11,7.5,23,8,0,8,273,11.4,connoky01
164,Andrew Copp,DET,9,33,42,2,2.7,7,1,1,2,120,7.5,coppan01
165,Matthew Coronato,CGY,0,0,0,1,0.0,0,0,0,0,4,0.0,coronma01
166,Paul Cotter,VEG,13,5,18,-5,1.6,13,0,0,1,76,17.1,cottepa01
167,Nick Cousins,FLA,9,18,27,-1,1.8,9,0,0,2,102,8.8,cousini01
168,Logan Couture,SJS,27,40,67,-30,5.5,21,5,1,4,198,13.6,coutulo01
169,Charlie Coyle,BOS,16,29,45,29,4.5,15,0,1,0,139,11.5,coylech01
170,Dylan Cozens,BUF,31,37,68,-3,7.0,24,5,2,1,211,14.7,cozendy01
171,Joseph Cramarossa,MIN,1,0,1,0,0.1,1,0,0,0,1,100.0,cramajo01
172,Kyle Criscuolo,SJS,1,0,1,0,0.2,1,0,0,1,2,50.0,criscky01
173,Sidney Crosby,PIT,33,60,93,8,9.6,24,9,0,9,255,12.9,crosbsi01
174,Lawson Crouse,ARI,24,21,45,-3,4.1,18,6,0,3,151,15.9,crousla01
175,William Cuylle,NYR,0,0,0,-2,-0.1,0,0,0,0,1,0.0,cuyllwi01
176,Austin Czarnik,DET,3,2,5,-4,0.1,3,0,0,0,27,11.1,czarnau01
177,Kirby Dach,MTL,14,24,38,-2,3.1,8,6,0,2,107,13.1,dachki01
178,Evgenii Dadonov,TOT,7,26,33,-8,1.8,7,0,0,0,110,6.4,dadonev01
178,Evgenii Dadonov,MTL,4,14,18,-10,0.5,4,0,0,0,72,5.6,dadonev01
178,Evgenii Dadonov,DAL,3,12,15,2,1.2,3,0,0,0,38,7.9,dadonev01
179,Rasmus Dahlin,BUF,15,58,73,12,10.2,9,6,0,2,204,7.4,dahlira01
180,Zac Dalpe,FLA,2,2,4,-4,0.2,2,0,0,0,17,11.8,dalpeza01
181,Phillip Danault,LAK,18,36,54,-8,4.0,15,3,0,1,152,11.8,danauph01
182,Justin Danforth,CBJ,2,1,3,-3,0.3,2,0,0,0,10,20.0,danfoju01
183,Laurent Dauphin,ARI,1,0,1,-4,-0.3,1,0,0,0,25,4.0,dauphla01
184,Jeremy Davies,BUF,0,0,0,0,0.0,0,0,0,0,1,0.0,davieje01
185,Calvin de Haan,CAR,2,10,12,7,2.8,2,0,0,0,51,3.9,dehaaca01
186,Jean-Sébastien Dea,ARI,0,0,0,-2,-0.1,0,0,0,0,1,0.0,deaje01
187,Tony DeAngelo,PHI,11,31,42,-27,4.9,7,4,0,1,174,6.3,deangan01
188,Alex DeBrincat,OTT,27,39,66,-31,5.6,16,11,0,6,263,10.3,debrial01
189,Jake DeBrusk,BOS,27,23,50,26,6.4,21,6,0,6,191,14.1,debruja01
190,Ty Dellandrea,DAL,9,19,28,9,2.0,9,0,0,2,92,9.8,dellaty01
191,Dylan DeMelo,WPG,6,21,27,10,5.8,5,0,1,1,93,6.5,demeldy01
192,Jason Demers,EDM,0,0,0,-1,-0.1,0,0,0,0,1,0.0,demerja01
193,Grigori Denisenko,FLA,0,3,3,-5,-0.2,0,0,0,0,16,0.0,denisgr01
194,Semyon Der-Arguchintsev,TOR,0,0,0,1,0.0,0,0,0,0,0,,derarse01
195,Travis Dermott,VAN,1,0,1,-4,0.0,1,0,0,0,7,14.3,dermotr01
196,Vincent Desharnais,EDM,0,5,5,15,1.7,0,0,0,0,17,0.0,deshavi01
197,Nick DeSimone,CGY,0,0,0,-4,-0.2,0,0,0,0,4,0.0,desimni01
198,Nicolas Deslauriers,PHI,6,6,12,-11,0.1,5,0,1,0,70,8.6,deslani01
199,Elliot Desnoyers,PHI,0,0,0,-2,-0.2,0,0,0,0,3,0.0,desnoel02
200,Connor Dewar,MIN,6,12,18,-5,0.8,3,0,3,0,87,6.9,dewarco01
201,Phillip Di Giuseppe,VAN,6,6,12,-1,0.9,6,0,0,0,71,8.5,digiuph01
202,Jason Dickinson,CHI,9,21,30,-29,1.1,8,1,0,1,114,7.9,dickija01
203,Brenden Dillon,WPG,2,21,23,2,4.7,2,0,0,0,83,2.4,dillobr01
204,Noah Dobson,NYI,13,36,49,4,8.0,8,5,0,2,206,6.3,dobsono01
205,Max Domi,TOT,20,36,56,-15,4.9,12,8,0,4,179,11.2,domima01
205,Max Domi,CHI,18,31,49,-9,4.8,10,8,0,4,143,12.6,domima01
205,Max Domi,DAL,2,5,7,-6,0.1,2,0,0,0,36,5.6,domima01
206,Ryan Donato,SEA,14,13,27,16,3.0,14,0,0,0,122,11.5,donatry01
207,Pavel Dorofeyev,VEG,7,2,9,5,1.3,5,2,0,3,40,17.5,dorofpa01
208,Drew Doughty,LAK,9,43,52,12,8.5,5,4,0,2,145,6.2,doughdr01
209,Nic Dowd,WSH,13,12,25,6,2.6,13,0,0,3,62,21.0,dowdni01
210,Leon Draisaitl,EDM,52,76,128,7,14.2,19,32,1,11,247,21.1,draisle01
211,Sheldon Dries,VAN,11,6,17,-9,1.0,6,4,1,0,94,11.7,driessh01
212,Jonathan Drouin,MTL,2,27,29,-18,0.9,2,0,0,0,69,2.9,drouijo01
213,Jack Drury,CAR,2,6,8,3,0.5,2,0,0,1,69,2.9,druryja01
214,Jamie Drysdale,ANA,0,0,0,-3,-0.1,0,0,0,0,8,0.0,drysdja01
215,Dillon Dubé,CGY,18,27,45,-6,3.8,15,1,2,3,151,11.9,dubedi01
216,Pierre-Luc Dubois,WPG,27,36,63,5,6.6,16,11,0,1,205,13.2,duboipi01
217,Matt Duchene,NSH,22,34,56,4,5.7,17,5,0,3,168,13.1,duchema01
218,Anthony Duclair,FLA,2,7,9,4,0.6,2,0,0,0,43,4.7,duclaan01
219,Walker Duehr,CGY,7,4,11,0,1.3,7,0,0,2,47,14.9,duehrwa01
220,William Dufour,NYI,0,0,0,-2,-0.1,0,0,0,0,0,,dufouwi01
221,Brandon Duhaime,MIN,9,1,10,6,1.2,8,0,1,3,80,11.3,duhaibr01
222,Mathew Dumba,MIN,4,10,14,-8,3.3,4,0,0,2,99,4.0,dumbama01
223,Brian Dumoulin,PIT,1,24,25,-4,3.7,1,0,0,0,82,1.2,dumoubr01
224,Vince Dunn,SEA,14,50,64,28,10.4,14,0,0,2,149,9.4,dunnvi02
225,Joshua Dunne,CBJ,0,0,0,-6,-0.3,0,0,0,0,4,0.0,dunnejo01
226,Arnaud Durandeau,NYI,0,0,0,1,0.0,0,0,0,0,9,0.0,duranar01
227,Sean Durzi,LAK,9,29,38,-12,4.8,8,1,0,1,110,8.2,durzise01
228,Christian Dvorak,MTL,10,18,28,-12,1.4,9,0,1,1,88,11.4,dvorach01
229,Jordan Eberle,SEA,20,43,63,6,5.7,17,3,0,4,177,11.3,eberljo01
230,Alexander Edler,LAK,2,9,11,-1,2.0,2,0,0,1,56,3.6,edleral01
231,Joel Edmundson,MTL,2,11,13,-29,0.3,2,0,0,0,69,2.9,edmunjo01
232,Simon Edvinsson,DET,2,0,2,-7,0.1,2,0,0,0,5,40.0,edvinsi01
233,Nikolaj Ehlers,WPG,12,26,38,-2,3.6,9,3,0,0,132,9.1,ehlerni01
234,Jack Eichel,VEG,27,39,66,26,7.8,25,2,0,2,223,12.1,eicheja01
235,Aaron Ekblad,FLA,14,24,38,-14,4.6,5,8,1,2,216,6.5,ekblaaa01
236,Mattias Ekholm,TOT,9,23,32,28,7.7,9,0,0,0,135,6.7,ekholma01
236,Mattias Ekholm,NSH,5,13,18,0,3.8,5,0,0,0,99,5.1,ekholma01
236,Mattias Ekholm,EDM,4,10,14,28,3.9,4,0,0,0,36,11.1,ekholma01
237,William Eklund,SJS,2,1,3,-5,0.1,2,0,0,0,18,11.1,eklunwi01
238,Oliver Ekman-Larsson,VAN,2,20,22,-24,1.2,2,0,0,0,90,2.2,ekmanol01
239,Lars Eller,TOT,10,13,23,3,1.4,9,0,1,1,140,7.1,ellerla01
239,Lars Eller,WSH,7,9,16,-1,0.8,7,0,0,0,101,6.9,ellerla01
239,Lars Eller,COL,3,4,7,4,0.6,2,0,1,1,39,7.7,ellerla01
240,Andreas Englund,TOT,0,4,4,-1,0.9,0,0,0,0,31,0.0,engluan01
240,Andreas Englund,COL,0,3,3,1,0.7,0,0,0,0,20,0.0,engluan01
240,Andreas Englund,CHI,0,1,1,-2,0.2,0,0,0,0,11,0.0,engluan01
241,Pierre Engvall,TOT,17,13,30,8,3.1,16,1,0,4,131,13.0,engvapi01
241,Pierre Engvall,TOR,12,9,21,1,1.9,11,1,0,3,100,12.0,engvapi01
241,Pierre Engvall,NYI,5,4,9,7,1.2,5,0,0,1,31,16.1,engvapi01
242,Mackenzie Entwistle,CHI,4,6,10,-11,-0.1,4,0,0,0,50,8.0,entwima01
243,Joel Eriksson Ek,MIN,23,38,61,4,6.1,9,12,2,1,247,9.3,eriksjo02
244,Adam Erne,DET,8,10,18,-12,0.8,8,0,0,2,55,14.5,ernead01
245,Luke Evangelista,NSH,7,8,15,7,1.8,7,0,0,1,54,13.0,evanglu01
246,Jake Evans,MTL,2,17,19,-5,0.5,1,1,0,0,55,3.6,evansja02
247,Michael Eyssimont,TOT,5,10,15,3,1.0,5,0,0,0,124,4.0,eyssimi01
247,Michael Eyssimont,SJS,3,5,8,1,0.6,3,0,0,0,67,4.5,eyssimi01
247,Michael Eyssimont,WPG,1,4,5,5,0.5,1,0,0,0,26,3.8,eyssimi01
247,Michael Eyssimont,TBL,1,1,2,-3,-0.1,1,0,0,0,31,3.2,eyssimi01
248,Robby Fabbri,DET,7,9,16,-1,1.5,4,3,0,3,35,20.0,fabbrro01
249,Dante Fabbro,NSH,2,9,11,-4,2.7,2,0,0,0,101,2.0,fabbrda01
250,Brock Faber,MIN,0,0,0,2,0.2,0,0,0,0,1,0.0,faberbr01
251,Samuel Fagemo,LAK,2,1,3,-4,0.2,2,0,0,0,5,40.0,fagemsa01
252,Radek Faksa,DAL,11,9,20,9,1.5,10,0,1,3,88,12.5,faksara01
253,Joel Farabee,PHI,15,24,39,-1,3.0,15,0,0,1,145,10.3,farabjo01
254,Sean Farrell,MTL,1,0,1,-2,0.0,1,0,0,0,8,12.5,farrese01
255,Hudson Fasching,NYI,10,9,19,10,2.3,10,0,0,1,61,16.4,faschhu01
256,Jesper Fast,CAR,10,19,29,9,2.4,10,0,0,1,76,13.2,fastje01
257,Justin Faulk,STL,11,39,50,-4,6.6,9,2,0,3,196,5.6,faulkju01
258,Taylor Fedun,PIT,0,0,0,0,0.0,0,0,0,0,5,0.0,fedunta01
259,Martin Fehérváry,WSH,6,10,16,-11,2.8,6,0,0,1,91,6.6,feherma01
260,Mario Ferraro,SJS,4,7,11,-31,0.9,4,0,0,0,66,6.1,ferrama01
261,Kevin Fiala,LAK,23,49,72,2,7.1,16,7,0,2,208,11.1,fialake01
262,Christian Fischer,ARI,13,14,27,-7,1.5,12,0,1,0,122,10.7,fischch01
263,Casey Fitzgerald,TOT,0,3,3,-2,0.3,0,0,0,0,13,0.0,fitzgca01
263,Casey Fitzgerald,BUF,0,3,3,-1,0.3,0,0,0,0,12,0.0,fitzgca01
263,Casey Fitzgerald,FLA,0,0,0,-1,-0.1,0,0,0,0,1,0.0,fitzgca01
264,Trey Fix-Wolansky,CBJ,1,0,1,-5,-0.2,1,0,0,0,19,5.3,fixwotr01
265,Cale Fleury,SEA,0,1,1,0,0.2,0,0,0,0,10,0.0,fleurca01
266,Haydn Fleury,TBL,0,1,1,-10,-0.3,0,0,0,0,33,0.0,fleurha01
267,Warren Foegele,EDM,13,15,28,7,2.6,12,0,1,4,126,10.3,foegewa01
268,Tyson Foerster,PHI,3,4,7,2,0.8,3,0,0,0,15,20.0,foersty01
269,Steven Fogarty,MIN,0,0,0,0,0.0,0,0,0,0,0,,fogarst01
270,Marcus Foligno,MIN,7,14,21,-6,1.1,7,0,0,0,83,8.4,foligma01
271,Nick Foligno,BOS,10,16,26,18,2.8,8,2,0,1,71,14.1,foligni01
272,Callan Foote,TOT,2,5,7,6,2.1,2,0,0,0,39,5.1,footeca01
272,Callan Foote,TBL,1,2,3,3,0.9,1,0,0,0,21,4.8,footeca01
272,Callan Foote,NSH,1,3,4,3,1.2,1,0,0,0,18,5.6,footeca01
273,Nolan Foote,NJD,1,0,1,2,0.2,1,0,0,0,4,25.0,footeno01
274,Derek Forbort,BOS,5,7,12,12,3.2,3,0,2,2,38,13.2,forbode01
275,Filip Forsberg,NSH,19,23,42,-4,4.4,15,4,0,2,157,12.1,forsbfi01
276,Gustav Forsling,FLA,13,28,41,19,7.2,12,1,0,3,209,6.2,forslgu02
277,Gabriel Fortier,TBL,0,0,0,0,0.0,0,0,0,0,0,,fortiga01
278,Jean-Luc Foudy,COL,0,0,0,-3,-0.3,0,0,0,0,12,0.0,foudyje01
279,Liam Foudy,CBJ,7,7,14,-26,0.0,7,0,0,0,67,10.4,foudyli01
280,Cam Fowler,ANA,10,38,48,-23,5.9,6,4,0,1,130,7.7,fowleca01
281,Adam Fox,NYR,12,60,72,28,11.9,11,1,0,5,159,7.5,foxad01
282,Trent Frederic,BOS,17,14,31,28,4.0,17,0,0,6,120,14.2,fredetr01
283,Mark Friedman,PIT,1,2,3,2,0.8,1,0,0,0,36,2.8,friedma01
284,Jesper Frödén,SEA,0,4,4,4,0.3,0,0,0,0,10,0.0,frodeje01
285,Byron Froese,VEG,1,1,2,0,0.1,1,0,0,0,15,6.7,froesby01
286,Morgan Frost,PHI,19,27,46,-12,3.8,18,1,0,3,155,12.3,frostmo01
287,Jonah Gadjovich,SJS,3,4,7,-3,0.4,3,0,0,0,32,9.4,gadjojo01
288,Sam Gagner,WPG,8,6,14,-4,1.1,7,1,0,2,78,10.3,gagnesa01
289,Alex Galchenyuk,COL,0,0,0,-8,-0.4,0,0,0,0,8,0.0,galchal01
290,Brendan Gallagher,MTL,8,6,14,-5,1.0,8,0,0,2,93,8.6,gallabr01
291,Dylan Gambrell,OTT,4,6,10,-4,0.2,4,0,0,0,46,8.7,gambrdy01
292,Conor Garland,VAN,17,29,46,-5,3.6,15,2,0,2,167,10.2,garlaco01
293,Frédérick Gaudreau,MIN,19,19,38,10,3.9,12,3,4,3,138,13.8,gaudrfr01
294,Johnny Gaudreau,CBJ,21,53,74,-33,5.7,18,3,0,4,220,9.5,gaudrjo01
295,Brendan Gaunce,CBJ,0,1,1,-1,0.0,0,0,0,0,9,0.0,gauncbr01
296,Julien Gauthier,TOT,9,5,14,-6,1.2,9,0,0,0,53,17.0,gauthju01
296,Julien Gauthier,NYR,6,3,9,-5,0.7,6,0,0,0,36,16.7,gauthju01
296,Julien Gauthier,OTT,3,2,5,-1,0.5,3,0,0,0,17,17.6,gauthju01
297,Vladislav Gavrikov,TOT,6,13,19,4,4.5,5,0,1,2,89,6.7,gavrivl01
297,Vladislav Gavrikov,CBJ,3,7,10,-8,2.1,3,0,0,2,61,4.9,gavrivl01
297,Vladislav Gavrikov,LAK,3,6,9,12,2.4,2,0,1,0,28,10.7,gavrivl01
298,Glenn Gawdin,ANA,0,0,0,-1,-0.1,0,0,0,0,3,0.0,gawdigl01
299,Morgan Geekie,SEA,9,19,28,14,2.7,8,1,0,3,81,11.1,geekimo01
300,Dennis Gilbert,CGY,1,3,4,0,0.7,1,0,0,1,13,7.7,gilbede01
301,Adam Ginning,PHI,0,0,0,0,0.0,0,0,0,0,0,,ginniad01
302,Mark Giordano,TOR,4,20,24,27,5.9,3,0,1,1,107,3.7,giordma01
303,Samuel Girard,COL,6,31,37,-10,4.8,5,1,0,1,119,5.0,girarsa01
304,Zemgus Girgensons,BUF,10,8,18,-5,0.6,10,0,0,0,114,8.8,girgeze01
305,Claude Giroux,OTT,35,44,79,4,9.0,28,7,0,6,214,16.4,giroucl01
306,Damien Giroux,MIN,0,1,1,0,0.1,0,0,0,0,0,,girouda01
307,Cody Glass,NSH,14,21,35,9,3.5,8,6,0,2,131,10.7,glassco01
308,Luke Glendening,DAL,3,3,6,-9,-0.9,1,0,2,0,65,4.6,glendlu01
309,Alex Goligoski,MIN,2,4,6,-9,1.2,2,0,0,2,63,3.2,goligal01
310,Barclay Goodrow,NYR,11,20,31,3,2.2,10,1,0,2,89,12.4,goodrba01
311,Shayne Gostisbehere,TOT,13,28,41,-5,6.2,6,5,2,2,155,8.4,gostish01
311,Shayne Gostisbehere,ARI,10,21,31,-6,4.4,5,3,2,1,115,8.7,gostish01
311,Shayne Gostisbehere,CAR,3,7,10,1,1.8,1,2,0,1,40,7.5,gostish01
312,Yanni Gourde,SEA,14,34,48,23,4.2,10,3,1,2,141,9.9,gourdya01
313,Mikael Granlund,TOT,10,31,41,-15,2.2,9,1,0,1,121,8.3,granlmi01
313,Mikael Granlund,NSH,9,27,36,-16,2.2,8,1,0,1,83,10.8,granlmi01
313,Mikael Granlund,PIT,1,4,5,1,0.1,1,0,0,0,38,2.6,granlmi01
314,Derek Grant,ANA,5,13,18,-4,0.9,5,0,0,0,72,6.9,grantde01
315,Kevin Gravel,NSH,0,1,1,-10,-0.2,0,0,0,0,20,0.0,graveke01
316,Ryan Graves,NJD,8,18,26,34,6.8,8,0,0,2,141,5.7,gravery01
317,Jordan Greenway,TOT,6,5,11,-6,0.1,6,0,0,0,99,6.1,greenjo02
317,Jordan Greenway,MIN,2,5,7,-3,-0.1,2,0,0,0,68,2.9,greenjo02
317,Jordan Greenway,BUF,4,0,4,-3,0.2,4,0,0,0,31,12.9,greenjo02
318,A.J. Greer,BOS,5,7,12,9,1.0,5,0,0,1,66,7.6,greeraj01
319,Noah Gregor,SJS,10,7,17,-9,1.1,10,0,0,1,119,8.4,gregono01
320,Ridly Greig,OTT,2,7,9,1,0.7,2,0,0,0,30,6.7,greigri01
321,Jordan Gross,NSH,3,0,3,-3,0.7,2,1,0,0,24,12.5,grossjo01
322,Benoit-Olivier Groulx,ANA,0,0,0,0,-0.1,0,0,0,0,2,0.0,groulbe01
323,Jonathan Gruden,PIT,0,0,0,0,0.0,0,0,0,0,0,,grudejo02
324,Carl Grundström,LAK,12,7,19,-4,1.8,11,1,0,2,90,13.3,grundca01
325,Matt Grzelcyk,BOS,4,22,26,46,7.1,4,0,0,2,102,3.9,grzelma01
326,Radko Gudas,FLA,2,15,17,14,3.3,2,0,0,0,110,1.8,gudasra01
327,Erik Gudbranson,CBJ,1,12,13,-24,1.5,1,0,0,1,102,1.0,gudbrer01
328,Max Guenette,OTT,0,0,0,-1,-0.1,0,0,0,0,2,0.0,guenema01
329,Dylan Guenther,ARI,6,9,15,-7,1.0,2,4,0,1,53,11.3,guentdy01
330,Jake Guentzel,PIT,36,37,73,2,7.9,25,11,0,6,244,14.8,guentja01
331,Kaiden Guhle,MTL,4,14,18,-19,1.4,4,0,0,0,48,8.3,guhleka01
332,Denis Gurianov,TOT,7,10,17,-9,0.5,6,1,0,0,116,6.0,guriade01
332,Denis Gurianov,DAL,2,7,9,-2,0.1,2,0,0,0,70,2.9,guriade01
332,Denis Gurianov,MTL,5,3,8,-7,0.4,4,1,0,0,46,10.9,guriade01
333,Daniil Gushchin,SJS,1,1,2,-1,0.2,0,1,0,0,8,12.5,gushcda01
334,Dave Gust,CHI,1,0,1,-2,0.0,1,0,0,0,7,14.3,gustda01
335,David Gustafsson,WPG,0,6,6,2,0.0,0,0,0,0,45,0.0,gustada01
336,Erik Gustafsson,TOT,7,35,42,9,6.8,7,0,0,2,122,5.7,gustaer02
336,Erik Gustafsson,WSH,7,31,38,9,6.3,7,0,0,2,114,6.1,gustaer02
336,Erik Gustafsson,TOR,0,4,4,0,0.5,0,0,0,0,8,0.0,gustaer02
337,Cole Guttman,CHI,4,2,6,1,0.7,4,0,0,1,26,15.4,guttmco01
338,Brandon Hagel,TBL,30,34,64,23,7.2,22,7,1,3,178,16.9,hagelbr01
339,Robert Hägg,DET,2,5,7,-5,1.2,2,0,0,0,40,5.0,haggro01
340,Nicolas Hague,VEG,3,14,17,7,3.6,3,0,0,1,103,2.9,hagueni01
341,Libor Hájek,NYR,1,0,1,2,0.5,1,0,0,0,13,7.7,hajekli01
342,Jani Hakanpää,DAL,6,10,16,18,5.0,6,0,0,1,86,7.0,hakanja01
343,Taylor Hall,BOS,16,20,36,11,3.7,12,4,0,5,150,10.7,hallta02
344,Filip Hallander,PIT,0,0,0,0,0.0,0,0,0,0,0,,hallafi01
345,James Hamblin,EDM,0,0,0,-3,-0.3,0,0,0,0,12,0.0,hamblja01
346,Dougie Hamilton,NJD,22,52,74,23,12.1,14,8,0,7,275,8.0,hamildo01
347,Travis Hamonic,OTT,6,15,21,-5,3.7,6,0,0,1,136,4.4,hamontr01
348,Noah Hanifin,CGY,7,31,38,2,6.3,6,1,0,0,176,4.0,hanifno01
349,Joel Hanley,DAL,0,2,2,5,0.9,0,0,0,0,14,0.0,hanlejo01
350,Mike Hardman,CHI,0,0,0,-2,-0.2,0,0,0,0,7,0.0,hardmmi01
351,Jansen Harkins,WPG,3,2,5,4,0.6,3,0,0,0,18,16.7,harkija01
352,Thomas Harley,DAL,0,2,2,5,0.7,0,0,0,0,8,0.0,harleth01
353,Ben Harpur,NYR,1,5,6,0,1.2,1,0,0,0,34,2.9,harpube01
354,Scott Harrington,TOT,4,7,11,-6,1.8,4,0,0,1,33,12.1,harrisc01
354,Scott Harrington,SJS,1,6,7,-7,0.7,1,0,0,1,22,4.5,harrisc01
354,Scott Harrington,ANA,3,1,4,1,1.1,3,0,0,0,11,27.3,harrisc01
355,Jordan Harris,MTL,4,13,17,-3,2.7,4,0,0,0,70,5.7,harrijo01
356,Ryan Hartman,MIN,15,22,37,7,3.9,12,1,2,6,149,10.1,hartmry01
357,Rafaël Harvey-Pinard,MTL,14,6,20,7,2.5,9,4,1,1,58,24.1,harvera01
358,Garnet Hathaway,TOT,13,9,22,5,2.0,13,0,0,3,88,14.8,hathaga01
358,Garnet Hathaway,WSH,9,7,16,6,1.6,9,0,0,1,70,12.9,hathaga01
358,Garnet Hathaway,BOS,4,2,6,-1,0.4,4,0,0,2,18,22.2,hathaga01
359,Erik Haula,NJD,14,27,41,13,3.4,10,2,2,0,164,8.5,haulaer01
360,John Hayden,SEA,2,0,2,2,0.4,2,0,0,0,9,22.2,haydejo01
361,Kevin Hayes,PHI,18,36,54,-22,4.0,12,6,0,1,209,8.6,hayeske01
362,Barrett Hayton,ARI,19,24,43,-5,3.2,15,4,0,4,178,10.7,haytoba01
363,Dillon Heatherington,OTT,0,0,0,-3,-0.2,0,0,0,0,1,0.0,heathdi01
364,Victor Hedman,TBL,9,40,49,10,7.6,7,1,1,1,185,4.9,hedmavi01
365,Danton Heinen,PIT,8,14,22,-5,1.5,7,1,0,0,96,8.3,heineda01
366,Ville Heinola,WPG,0,1,1,-5,-0.1,0,0,0,0,5,0.0,heinovi01
367,Miro Heiskanen,DAL,11,62,73,12,11.1,9,2,0,2,206,5.3,heiskmi01
368,Drew Helleson,ANA,1,0,1,0,0.2,1,0,0,0,4,25.0,helledr01
369,Darren Helm,COL,0,0,0,-1,-0.2,0,0,0,0,10,0.0,helmda01
370,Adam Henrique,ANA,22,16,38,-8,3.6,18,4,0,1,132,16.7,henriad01
371,Aleksi Heponiemi,FLA,1,2,3,-1,0.2,1,0,0,0,6,16.7,heponal01
372,Tomáš Hertl,SJS,22,41,63,-36,4.5,16,6,0,1,183,12.0,hertlto01
373,Matthew Highmore,STL,0,0,0,1,0.0,0,0,0,0,2,0.0,highmma01
374,Vinnie Hinostroza,BUF,2,9,11,-1,0.6,2,0,0,1,38,5.3,hinosvi01
375,Roope Hintz,DAL,37,38,75,31,9.9,25,9,3,5,184,20.1,hintzro01
376,Akito Hirose,VAN,0,3,3,-1,0.3,0,0,0,0,4,0.0,hirosak01
377,Taro Hirose,DET,0,0,0,-2,-0.1,0,0,0,0,2,0.0,hirosta01
378,Nico Hischier,NJD,31,49,80,33,9.2,21,7,3,9,256,12.1,hischni01
379,Hayden Hodgson,PHI,0,0,0,0,0.0,0,0,0,0,0,,hodgsha01
380,Mike Hoffman,MTL,14,20,34,-10,2.5,13,1,0,3,148,9.5,hoffmmi02
381,Nils Höglander,VAN,3,6,9,-4,0.4,3,0,0,0,29,10.3,hoglani01
382,Nick Holden,OTT,2,14,16,0,2.9,2,0,0,0,73,2.7,holdeni01
383,Justin Holl,TOR,2,16,18,15,4.4,2,0,0,1,60,3.3,hollju01
384,Dylan Holloway,EDM,3,6,9,0,0.2,3,0,0,1,44,6.8,hollody01
385,Mac Hollowell,TOR,0,2,2,3,0.5,0,0,0,0,4,0.0,holloma01
386,Pontus Holmberg,TOR,5,8,13,0,1.1,4,1,0,2,27,18.5,holmbpo01
387,Simon Holmström,NYI,6,3,9,-4,0.5,6,0,0,2,39,15.4,holmssi01
388,Alexander Holtz,NJD,3,1,4,-6,0.1,1,2,0,0,21,14.3,holtzal01
389,Patric Hörnqvist,FLA,1,2,3,-4,-0.1,1,0,0,1,40,2.5,hornqpa01
390,Bo Horvat,TOT,38,32,70,-1,7.5,22,12,4,5,229,16.6,horvabo01
390,Bo Horvat,VAN,31,23,54,3,6.3,17,11,3,4,143,21.7,horvabo01
390,Bo Horvat,NYI,7,9,16,-4,1.2,5,1,1,1,86,8.1,horvabo01
391,Brett Howden,VEG,6,7,13,5,0.8,6,0,0,0,53,11.3,howdebr01
392,Filip Hronek,TOT,9,30,39,7,6.8,5,4,0,1,124,7.3,hronefi01
392,Filip Hronek,DET,9,29,38,8,6.7,5,4,0,1,122,7.4,hronefi01
392,Filip Hronek,VAN,0,1,1,-1,0.1,0,0,0,0,2,0.0,hronefi01
393,Jonathan Huberdeau,CGY,15,40,55,2,4.6,11,4,0,1,126,11.9,huberjo01
394,Charles Hudon,COL,0,0,0,-2,-0.2,0,0,0,0,18,0.0,hudonch01
395,Jack Hughes,NJD,43,56,99,10,11.3,34,9,0,6,336,12.8,hugheja03
396,Luke Hughes,NJD,1,1,2,0,0.3,1,0,0,1,2,50.0,hughelu01
397,Quinn Hughes,VAN,7,69,76,15,10.2,5,2,0,0,154,4.5,hughequ01
398,Brad Hunt,COL,4,6,10,4,2.1,4,0,0,0,46,8.7,huntbr01
399,Dryden Hunt,TOT,3,0,3,-10,-0.3,3,0,0,0,23,13.0,huntdr01
399,Dryden Hunt,COL,1,0,1,-7,-0.4,1,0,0,0,15,6.7,huntdr01
399,Dryden Hunt,TOR,1,0,1,-2,0.0,1,0,0,0,6,16.7,huntdr01
399,Dryden Hunt,NYR,1,0,1,-1,0.1,1,0,0,0,2,50.0,huntdr01
400,Ben Hutton,VEG,3,5,8,1,1.5,3,0,0,0,52,5.8,huttobe01
401,Zach Hyman,EDM,36,47,83,13,8.9,21,15,0,3,276,13.0,hymanza01
402,Alex Iafallo,LAK,14,22,36,14,3.6,7,7,0,5,133,10.5,iafalal01
403,Bokondji Imama,ARI,0,0,0,-2,-0.1,0,0,0,0,0,,imamabo01
404,Vincent Iorio,WSH,0,1,1,0,0.1,0,0,0,0,3,0.0,ioriovi01
405,Matt Irwin,WSH,2,3,5,-8,0.9,2,0,0,0,79,2.5,irwinma01
406,Mark Jankowski,NSH,7,5,12,-1,0.9,4,0,3,3,57,12.3,jankoma01
407,Mattias Janmark,EDM,10,15,25,9,1.8,7,0,3,1,79,12.7,janmama02
408,Calle Järnkrok,TOR,20,19,39,9,4.2,16,3,1,2,106,18.9,jarnkca01
409,Seth Jarvis,CAR,14,25,39,10,3.6,13,0,1,0,187,7.5,jarvise01
410,Tanner Jeannot,TOT,6,12,18,-7,0.4,6,0,0,1,107,5.6,jeannta01
410,Tanner Jeannot,NSH,5,9,14,-1,0.6,5,0,0,1,87,5.7,jeannta01
410,Tanner Jeannot,TBL,1,3,4,-6,-0.1,1,0,0,0,20,5.0,jeannta01
411,Jan Jeník,ARI,0,0,0,0,0.0,0,0,0,0,0,,jenikja01
412,Boone Jenner,CBJ,26,19,45,-32,3.7,19,7,0,3,214,12.1,jennebo01
413,Nick Jensen,WSH,5,24,29,-1,4.9,5,0,0,0,109,4.6,jenseni02
414,David Jiříček,CBJ,0,0,0,-4,-0.2,0,0,0,0,5,0.0,jiricda01
415,Lucas Johansen,WSH,0,0,0,0,0.0,0,0,0,0,3,0.0,johanlu01
416,Ryan Johansen,NSH,12,16,28,-13,2.1,7,5,0,1,86,14.0,johanry01
417,Marcus Johansson,TOT,19,27,46,3,4.4,12,5,2,7,137,13.9,johanma03
417,Marcus Johansson,WSH,13,15,28,-3,2.4,8,4,1,5,95,13.7,johanma03
417,Marcus Johansson,MIN,6,12,18,6,2.0,4,1,1,2,42,14.3,johanma03
418,Erik Johnson,COL,0,8,8,8,2.3,0,0,0,0,98,0.0,johnser01
419,Jack Johnson,TOT,2,6,8,-15,1.8,2,0,0,0,92,2.2,johnsja02
419,Jack Johnson,CHI,0,4,4,-25,0.2,0,0,0,0,63,0.0,johnsja02
419,Jack Johnson,COL,2,2,4,10,1.7,2,0,0,0,29,6.9,johnsja02
420,Kent Johnson,CBJ,16,24,40,-19,3.1,11,5,0,3,126,12.7,johnske01
421,Reese Johnson,CHI,4,2,6,-15,-0.4,4,0,0,1,54,7.4,johnsre01
422,Tyler Johnson,CHI,12,20,32,-21,2.3,8,4,0,0,125,9.6,johnsty01
423,Andreas Johnsson,TOT,0,3,3,-6,-0.2,0,0,0,0,18,0.0,johnsan01
423,Andreas Johnsson,SJS,0,3,3,-6,-0.2,0,0,0,0,17,0.0,johnsan01
423,Andreas Johnsson,NJD,0,0,0,0,0.0,0,0,0,0,1,0.0,johnsan01
424,Ross Johnston,NYI,0,2,2,-1,0.0,0,0,0,0,2,0.0,johnsro02
425,Wyatt Johnston,DAL,24,17,41,6,4.4,21,3,0,3,160,15.0,johnswy01
426,Henri Jokiharju,BUF,3,10,13,-12,1.2,3,0,0,0,79,3.8,jokihhe01
427,Caleb Jones,CHI,4,12,16,-19,2.5,3,1,0,1,86,4.7,jonesca01
428,Max Jones,ANA,9,10,19,-21,0.4,9,0,0,2,107,8.4,jonesma03
429,Seth Jones,CHI,12,25,37,-38,4.4,10,2,0,1,178,6.7,jonesse01
430,Zachary Jones,NYR,1,1,2,-2,0.4,1,0,0,1,15,6.7,jonesza01
431,Axel Jonsson-Fjällby,WPG,6,8,14,-1,1.1,6,0,0,2,54,11.1,jonssax01
432,Mathieu Joseph,OTT,3,15,18,5,1.0,0,1,2,0,66,4.5,josepma01
433,Pierre-Olivier Joseph,PIT,5,16,21,8,4.1,4,1,0,1,108,4.6,joseppi01
434,Dakota Joshua,VAN,11,12,23,-16,1.0,9,1,1,2,71,15.5,joshuda01
435,Roman Josi,NSH,18,41,59,5,9.9,10,8,0,5,269,6.7,josiro01
436,Tyson Jost,TOT,7,18,25,-13,0.9,7,0,0,0,98,7.1,jostty01
436,Tyson Jost,BUF,7,15,22,-9,1.0,7,0,0,0,88,8.0,jostty01
436,Tyson Jost,MIN,0,3,3,-4,-0.1,0,0,0,0,10,0.0,jostty01
437,Noah Juulsen,VAN,0,0,0,1,0.2,0,0,0,0,5,0.0,juulsno01
438,Nazem Kadri,CGY,24,32,56,-19,4.7,13,11,0,4,267,9.0,kadrina01
439,Wyatt Kaiser,CHI,0,3,3,-4,0.2,0,0,0,0,14,0.0,kaisewy01
440,Kaapo Kakko,NYR,18,22,40,12,3.9,18,0,0,2,125,14.4,kakkoka01
441,Arthur Kaliyev,LAK,13,15,28,-5,2.6,5,8,0,1,122,10.7,kaliyar01
442,David Kämpf,TOR,7,20,27,6,1.4,7,0,0,1,107,6.5,kampfda01
443,Evander Kane,EDM,16,12,28,-4,2.6,15,0,1,3,146,11.0,kaneev01
444,Patrick Kane,TOT,21,36,57,-22,4.8,17,4,0,1,227,9.3,kanepa01
444,Patrick Kane,CHI,16,29,45,-23,3.7,14,2,0,0,182,8.8,kanepa01
444,Patrick Kane,NYR,5,7,12,1,1.1,3,2,0,1,45,11.1,kanepa01
445,Kasperi Kapanen,TOT,15,19,34,-8,2.9,11,3,1,5,116,12.9,kapanka01
445,Kasperi Kapanen,PIT,7,13,20,-8,1.4,4,3,0,2,69,10.1,kapanka01
445,Kasperi Kapanen,STL,8,6,14,0,1.4,7,0,1,3,47,17.0,kapanka01
446,Kirill Kaprizov,MIN,40,35,75,4,9.2,23,17,0,6,261,15.3,kapriki01
447,Erik Karlsson,SJS,25,76,101,-26,12.4,20,5,0,4,209,12.0,karlser01
448,William Karlsson,VEG,14,39,53,14,4.5,10,2,2,2,161,8.7,karlswi01
449,Fredrik Karlström,DAL,0,0,0,1,0.0,0,0,0,0,6,0.0,karlsfr01
450,Ondřej Kaše,CAR,0,0,0,0,0.0,0,0,0,0,0,,kaseon01
451,Marco Kasper,DET,0,0,0,0,0.0,0,0,0,0,1,0.0,kaspema01
452,Zack Kassian,ARI,2,0,2,-18,-1.1,2,0,0,0,25,8.0,kassiza01
453,Mark Kastelic,OTT,7,4,11,-6,0.7,7,0,0,2,73,9.6,kastema01
454,Boris Katchouk,CHI,5,11,16,-10,0.8,5,0,0,2,68,7.4,katchbo01
455,Martin Kaut,TOT,4,4,8,-4,0.4,3,1,0,1,44,9.1,kautma01
455,Martin Kaut,COL,1,2,3,-2,-0.1,1,0,0,1,24,4.2,kautma01
455,Martin Kaut,SJS,3,2,5,-2,0.5,2,1,0,0,20,15.0,kautma01
456,Miloš Kelemen,ARI,1,0,1,-5,-0.2,1,0,0,0,12,8.3,kelemmi01
457,Clayton Keller,ARI,37,49,86,-2,8.7,30,6,1,4,223,16.6,kellecl01
458,Parker Kelly,OTT,1,3,4,-9,-0.7,1,0,0,1,59,1.7,kellypa01
459,Adrian Kempe,LAK,41,26,67,22,8.5,27,11,3,6,250,16.4,kempead01
460,Alexander Kerfoot,TOR,10,22,32,8,2.3,7,2,1,1,133,7.5,kerfoal01
461,Matthew Kessel,STL,0,0,0,-1,-0.1,0,0,0,0,3,0.0,kessema01
462,Phil Kessel,VEG,14,22,36,-7,2.8,12,2,0,0,149,9.4,kesseph01
463,Michael Kesselring,ARI,0,3,3,-1,0.3,0,0,0,0,8,0.0,kessemi01
464,Jujhar Khaira,CHI,6,8,14,-11,0.6,4,1,1,0,59,10.2,khairju01
465,Matt Kiersted,FLA,1,3,4,4,0.8,1,0,0,0,14,7.1,kiersma01
466,Alex Killorn,TBL,27,37,64,18,6.9,23,3,1,5,143,18.9,killoal01
467,Justin Kirkland,ANA,0,0,0,-3,-0.2,0,0,0,0,5,0.0,kirklju01
468,Joel Kiviranta,DAL,8,1,9,-9,-0.1,7,0,1,0,85,9.4,kivirjo01
469,Tyler Kleven,OTT,0,2,2,-1,0.2,0,0,0,0,11,0.0,klevety01
470,John Klingberg,TOT,10,23,33,-25,3.8,8,2,0,3,112,8.9,klingjo01
470,John Klingberg,ANA,8,16,24,-28,2.1,7,1,0,3,78,10.3,klingjo01
470,John Klingberg,MIN,2,7,9,3,1.7,1,1,0,0,34,5.9,klingjo01
471,Samuel Kňažko,CBJ,0,0,0,0,0.0,0,0,0,0,0,,knazksa01
472,Matthew Knies,TOR,0,1,1,1,0.1,0,0,0,0,4,0.0,kniesma01
473,Nikolai Knyzhov,SJS,1,0,1,-13,-0.5,1,0,0,0,10,10.0,knyzhni01
474,Cole Koepke,TBL,1,0,1,-5,-0.2,1,0,0,0,12,8.3,koepkco01
475,Otto Koivula,NYI,0,2,2,1,0.1,0,0,0,0,5,0.0,koivuot01
476,Keegan Kolesar,VEG,8,10,18,6,1.3,8,0,0,0,63,12.7,koleske01
477,Vladislav Kolyachonok,ARI,0,0,0,0,0.0,0,0,0,0,2,0.0,kolyavl01
478,Travis Konecny,PHI,31,30,61,-12,6.6,23,5,3,5,191,16.2,konectr01
479,Anže Kopitar,LAK,28,46,74,20,7.6,21,7,0,4,169,16.6,kopitan01
480,Joona Koppanen,BOS,0,1,1,0,0.0,0,0,0,0,2,0.0,koppajo01
481,Kaedan Korczak,VEG,0,2,2,-3,0.1,0,0,0,0,16,0.0,korczka01
482,Klim Kostin,EDM,11,10,21,12,2.4,11,0,0,2,56,19.6,kostikl01
483,Jesperi Kotkaniemi,CAR,18,25,43,10,4.5,14,3,1,2,129,14.0,kotkaje01
484,Johnathan Kovacevic,MTL,3,12,15,3,3.0,3,0,0,0,92,3.3,kovacjo01
485,Filip Král,TOR,0,0,0,0,0.0,0,0,0,0,1,0.0,kralfi01
486,Vitali Kravtsov,TOT,4,4,8,3,0.4,3,1,0,0,43,9.3,kravtvi01
486,Vitali Kravtsov,NYR,3,3,6,6,0.6,3,0,0,0,26,11.5,kravtvi01
486,Vitali Kravtsov,VAN,1,1,2,-3,-0.1,0,1,0,0,17,5.9,kravtvi01
487,Peyton Krebs,BUF,9,17,26,-8,1.2,7,1,1,0,78,11.5,krebspe01
488,Chris Kreider,NYR,36,18,54,21,7.0,24,8,4,3,229,15.7,kreidch01
489,David Krejčí,BOS,16,40,56,23,5.6,12,4,0,2,112,14.3,krejcda01
490,Torey Krug,STL,7,25,32,-26,2.5,3,4,0,1,126,5.6,krugto01
491,Dominik Kubalík,DET,20,25,45,-15,3.8,13,7,0,3,174,11.5,kubaldo01
492,Nikita Kucherov,TBL,30,83,113,-2,10.7,22,8,0,4,271,11.1,kucheni01
493,Karson Kuhlman,TOT,3,4,7,-4,-0.1,3,0,0,2,48,6.3,kuhlmka01
493,Karson Kuhlman,WPG,2,2,4,-7,-0.3,2,0,0,1,35,5.7,kuhlmka01
493,Karson Kuhlman,SEA,1,2,3,3,0.2,1,0,0,1,13,7.7,kuhlmka01
494,Brett Kulak,EDM,3,17,20,11,3.4,3,0,0,0,114,2.6,kulakbr01
495,Dmitry Kulikov,TOT,3,13,16,-13,2.2,3,0,0,0,84,3.6,kulikdm01
495,Dmitry Kulikov,ANA,3,12,15,-11,2.2,3,0,0,0,80,3.8,kulikdm01
495,Dmitry Kulikov,PIT,0,1,1,-2,0.0,0,0,0,0,4,0.0,kulikdm01
496,Luke Kunin,SJS,5,8,13,-9,0.7,3,2,0,0,58,8.6,kuninlu01
497,Rasmus Kupari,LAK,3,12,15,-5,0.4,3,0,0,0,53,5.7,kuparra01
498,Sean Kuraly,CBJ,11,9,20,-28,0.4,9,1,1,0,100,11.0,kuralse01
499,Philipp Kurashev,CHI,9,16,25,-32,0.5,9,0,0,2,116,7.8,kurasph01
500,Andrei Kuzmenko,VAN,39,35,74,9,8.6,25,14,0,4,143,27.3,kuzmean01
501,Evgeny Kuznetsov,WSH,12,43,55,-26,3.3,7,5,0,2,172,7.0,kuzneev01
502,Jordan Kyrou,STL,37,36,73,-38,6.7,26,11,0,5,272,13.6,kyroujo01
503,Kevin Labanc,SJS,15,18,33,-17,2.4,13,2,0,0,129,11.6,labanke01
504,Jackson LaCombe,ANA,0,0,0,-1,0.0,0,0,0,0,1,0.0,lacomja01
505,Tanner Laczynski,PHI,2,2,4,-5,-0.1,2,0,0,0,23,8.7,laczyta01
506,Sam Lafferty,TOT,12,15,27,-11,2.0,8,0,4,1,102,11.8,laffesa01
506,Sam Lafferty,CHI,10,11,21,-10,1.6,6,0,4,1,83,12.0,laffesa01
506,Sam Lafferty,TOR,2,4,6,-1,0.3,2,0,0,0,19,10.5,laffesa01
507,Alexis Lafrenière,NYR,16,23,39,10,3.6,13,3,0,2,135,11.9,lafreal01
508,Patrik Laine,CBJ,22,30,52,-12,5.2,14,8,0,1,184,12.0,lainepa01
509,Maxime Lajoie,CAR,0,0,0,0,0.0,0,0,0,0,2,0.0,lajoima01
510,Dylan Larkin,DET,32,47,79,-7,8.0,15,16,1,5,244,13.1,larkidy01
511,Adam Larsson,SEA,8,25,33,27,6.7,7,0,1,2,143,5.6,larssad01
512,Jacob Larsson,OTT,0,0,0,0,0.1,0,0,0,0,4,0.0,larssja01
513,Scott Laughton,PHI,18,25,43,-9,3.4,10,5,3,0,170,10.6,laughsc01
514,Jakub Lauko,BOS,4,3,7,2,0.8,4,0,0,1,17,23.5,laukoja01
515,Jeremy Lauzon,NSH,3,9,12,-11,2.1,3,0,0,0,77,3.9,lauzoje01
516,Curtis Lazar,TOT,3,2,5,-6,-0.5,3,0,0,0,55,5.5,lazarcu01
516,Curtis Lazar,VAN,3,2,5,-5,-0.4,3,0,0,0,54,5.6,lazarcu01
516,Curtis Lazar,NJD,0,0,0,-1,-0.1,0,0,0,0,1,0.0,lazarcu01
517,Brett Leason,ANA,6,3,9,-21,-0.3,6,0,0,1,51,11.8,leasobr01
518,Nick Leddy,STL,2,21,23,4,3.5,2,0,0,1,79,2.5,leddyni01
519,Anders Lee,NYI,28,22,50,-3,5.4,22,6,0,4,214,13.1,leean01
520,Artturi Lehkonen,COL,21,30,51,8,5.0,12,8,1,3,150,14.0,lehkoar01
521,Josh Leivo,STL,4,12,16,0,0.9,4,0,0,0,91,4.4,leivojo01
522,Brendan Lemieux,TOT,2,7,9,-3,0.2,2,0,0,0,44,4.5,lemiebr01
522,Brendan Lemieux,LAK,0,3,3,-6,-0.3,0,0,0,0,22,0.0,lemiebr01
522,Brendan Lemieux,PHI,2,4,6,3,0.5,2,0,0,0,22,9.1,lemiebr01
523,John Leonard,NSH,1,0,1,0,0.1,1,0,0,1,4,25.0,leonajo01
524,Jake Leschyshyn,TOT,0,0,0,-10,-0.9,0,0,0,0,31,0.0,leschja01
524,Jake Leschyshyn,VEG,0,0,0,-7,-0.6,0,0,0,0,23,0.0,leschja01
524,Jake Leschyshyn,NYR,0,0,0,-3,-0.3,0,0,0,0,8,0.0,leschja01
525,Kris Letang,PIT,12,29,41,-13,5.5,5,6,1,3,161,7.5,letankr01
526,Vinni Lettieri,BOS,0,0,0,-1,-0.1,0,0,0,0,1,0.0,lettivi01
527,Anton Levtchi,FLA,0,0,0,0,0.0,0,0,0,0,1,0.0,levtcan01
528,Trevor Lewis,CGY,9,11,20,-7,0.9,7,1,1,1,144,6.3,lewistr01
529,Timothy Liljegren,TOR,6,12,18,24,5.1,5,0,1,0,84,7.1,liljeti01
530,Oskar Lindblom,SJS,6,9,15,-16,0.3,6,0,0,0,75,8.0,lindbos01
531,Esa Lindell,DAL,8,16,24,29,6.8,8,0,0,2,116,6.9,lindees01
532,Ryan Lindgren,NYR,1,17,18,29,5.1,0,0,1,0,75,1.3,lindgry01
533,Elias Lindholm,CGY,22,42,64,6,6.0,11,10,1,2,186,11.8,lindhel01
534,Hampus Lindholm,BOS,10,43,53,49,10.9,9,1,0,2,158,6.3,lindhha01
535,Gustav Lindström,DET,1,7,8,-16,0.3,1,0,0,0,18,5.6,lindsgu01
536,Jake Livingstone,NSH,0,1,1,-2,0.1,0,0,0,0,3,0.0,livinja02
537,Blake Lizotte,LAK,11,23,34,11,2.9,11,0,0,1,108,10.2,lizotbl01
538,William Lockwood,VAN,0,1,1,-7,-0.4,0,0,0,0,12,0.0,lockwwi01
539,Ryan Lomberg,FLA,12,8,20,-1,1.3,12,0,0,1,134,9.0,lombery01
540,Steven Lorentz,SJS,10,9,19,-18,0.7,8,1,1,0,111,9.0,lorenst01
541,Adam Lowry,WPG,13,23,36,4,2.9,10,0,3,2,126,10.3,lowryad01
542,Jake Lucchini,OTT,1,0,1,-2,-0.1,0,1,0,1,14,7.1,lucchja01
543,Milan Lucic,CGY,7,12,19,-13,0.6,7,0,0,0,73,9.6,lucicmi01
544,Matt Luff,DET,2,2,4,-4,0.1,2,0,0,0,20,10.0,luffma01
545,Anton Lundell,FLA,12,21,33,1,2.1,10,0,2,1,152,7.9,lundean01
546,Isac Lundeström,ANA,4,10,14,-13,-0.2,3,0,1,0,60,6.7,lundeis01
547,Nils Lundkvist,DAL,6,10,16,-5,2.7,5,1,0,2,94,6.4,lundkni01
548,Eetu Luostarinen,FLA,17,26,43,19,4.0,15,2,0,1,132,12.9,luostee01
549,Joona Luoto,CBJ,1,0,1,-7,-0.2,1,0,0,0,7,14.3,luotojo01
550,Olle Lycksell,PHI,0,1,1,-3,-0.1,0,0,0,0,5,0.0,lycksol01
551,Ilya Lyubushkin,BUF,2,12,14,-2,1.8,1,0,1,1,41,4.9,lyubuil01
552,Olli Määttä,DET,6,17,23,-9,3.9,6,0,0,0,62,9.7,maattol01
553,Matias Maccelli,ARI,11,38,49,0,4.0,10,1,0,1,61,18.0,maccema01
554,Kurtis MacDermid,COL,1,5,6,-1,0.9,1,0,0,1,20,5.0,macdeku01
555,Jacob MacDonald,TOT,1,7,8,-14,0.5,1,0,0,0,75,1.3,macdoja02
555,Jacob MacDonald,COL,0,2,2,-3,0.2,0,0,0,0,29,0.0,macdoja02
555,Jacob MacDonald,SJS,1,5,6,-11,0.3,1,0,0,0,46,2.2,macdoja02
556,Zack MacEwen,TOT,4,6,10,-11,-0.1,4,0,0,3,73,5.5,macewza01
556,Zack MacEwen,PHI,4,5,9,-9,0.1,4,0,0,3,63,6.3,macewza01
556,Zack MacEwen,LAK,0,1,1,-2,-0.1,0,0,0,0,10,0.0,macewza01
557,Connor Mackey,TOT,3,4,7,-4,1.0,3,0,0,0,31,9.7,mackeco01
557,Connor Mackey,ARI,1,3,4,2,0.9,1,0,0,0,23,4.3,mackeco01
557,Connor Mackey,CGY,2,1,3,-6,0.1,2,0,0,0,8,25.0,mackeco01
558,Nathan MacKinnon,COL,42,69,111,29,13.1,30,12,0,9,366,11.5,mackina01
559,Saku Mäenalanen,WPG,4,6,10,0,0.4,4,0,0,0,61,6.6,maenasa01
560,Josh Mahura,FLA,4,12,16,17,3.6,4,0,0,1,78,5.1,mahurjo01
561,Cale Makar,COL,17,49,66,16,10.5,12,5,0,6,176,9.7,makarca01
562,Beck Malenstyn,WSH,1,1,2,0,0.2,1,0,0,1,7,14.3,malenbe01
563,Denis Malgin,TOT,13,8,21,4,2.2,13,0,0,1,112,11.6,malgide01
563,Denis Malgin,COL,11,6,17,5,2.1,11,0,0,1,66,16.7,malgide01
563,Denis Malgin,TOR,2,2,4,-1,0.1,2,0,0,0,46,4.3,malgide01
564,Evgeni Malkin,PIT,27,56,83,-12,7.6,16,11,0,3,240,11.3,malkiev01
565,Brad Malone,EDM,0,0,0,-4,-0.3,0,0,0,0,7,0.0,malonbr01
566,Mikhail Maltsev,COL,0,0,0,0,-0.1,0,0,0,0,4,0.0,maltsmi01
567,Andrew Mangiapane,CGY,17,26,43,12,3.9,15,2,0,1,182,9.3,mangian01
568,Josh Manson,COL,2,8,10,13,2.5,2,0,0,2,41,4.9,mansojo01
569,Anthony Mantha,WSH,11,16,27,-8,2.0,10,1,0,2,119,9.2,manthan01
570,Brad Marchand,BOS,21,46,67,27,7.0,12,9,0,4,183,11.5,marchbr03
571,Kirill Marchenko,CBJ,21,4,25,-23,2.2,14,7,0,1,131,16.0,marchki01
572,Jonathan Marchessault,VEG,28,29,57,2,6.1,19,9,0,4,234,12.0,audymjo01
573,Mason Marchment,DAL,12,19,31,-6,2.2,10,2,0,2,148,8.1,marchma01
574,John Marino,NJD,4,14,18,21,4.5,4,0,0,0,67,6.0,marinjo01
575,Mitch Marner,TOR,30,69,99,18,10.2,17,9,4,4,196,15.3,marnemi01
576,Pat Maroon,TBL,5,9,14,-5,0.2,5,0,0,0,62,8.1,maroopa01
577,Matt Martin,NYI,7,12,19,4,1.3,7,0,0,1,82,8.5,martima02
578,Alec Martinez,VEG,3,11,14,30,5.0,2,0,1,2,76,3.9,martial01
579,Jordan Martinook,CAR,13,21,34,7,2.9,12,0,1,3,162,8.0,martijo01
580,Mike Matheson,MTL,8,26,34,7,5.4,8,0,0,2,126,6.3,mathemi01
581,Auston Matthews,TOR,40,45,85,31,10.6,27,13,0,8,327,12.2,matthau01
582,Scott Mayfield,NYI,6,18,24,8,5.3,6,0,0,1,119,5.0,mayfisc01
583,Dysin Mayo,ARI,0,0,0,-8,-0.4,0,0,0,0,7,0.0,mayody01
584,Charlie McAvoy,BOS,7,45,52,29,8.8,5,2,0,2,105,6.7,mcavoch01
585,Jack McBain,ARI,12,14,26,-8,1.3,12,0,0,2,85,14.1,mcbaija03
586,Jake McCabe,TOT,3,22,25,19,5.9,3,0,0,1,96,3.1,mccabja01
586,Jake McCabe,CHI,2,18,20,7,4.1,2,0,0,1,67,3.0,mccabja01
586,Jake McCabe,TOR,1,4,5,12,1.8,1,0,0,0,29,3.4,mccabja01
587,Jared McCann,SEA,40,30,70,18,8.9,30,7,3,3,210,19.0,mccanja01
588,Michael McCarron,NSH,2,2,4,-3,0.0,2,0,0,0,39,5.1,mccarmi01
589,Connor McDavid,EDM,64,89,153,22,18.2,39,21,4,11,352,18.2,mcdavco01
590,Ryan McDonagh,NSH,2,18,20,12,5.0,2,0,0,1,78,2.6,mcdonry01
591,Aidan McDonough,VAN,1,0,1,-2,0.0,1,0,0,0,4,25.0,mcdonai01
592,Hugh McGing,STL,0,0,0,0,0.0,0,0,0,0,0,,mcginhu01
593,Brock McGinn,TOT,12,7,19,-6,1.1,10,0,2,3,91,13.2,mcginbr01
593,Brock McGinn,PIT,10,6,16,0,1.2,8,0,2,3,77,13.0,mcginbr01
593,Brock McGinn,ANA,2,1,3,-6,0.0,2,0,0,0,14,14.3,mcginbr01
594,Dylan McIlrath,WSH,0,1,1,-6,-0.3,0,0,0,0,1,0.0,mcilrdy01
595,Roland McKeown,NSH,0,0,0,1,0.2,0,0,0,0,3,0.0,mckeoro01
596,Hunter McKown,CBJ,0,2,2,-4,-0.2,0,0,0,0,13,0.0,mckowhu01
597,Marc McLaughlin,BOS,0,0,0,-1,-0.1,0,0,0,0,3,0.0,mclauma01
598,Michael McLeod,NJD,4,22,26,6,1.4,4,0,0,1,90,4.4,mcleomi01
599,Ryan McLeod,EDM,11,12,23,4,1.9,9,0,2,0,78,14.1,mcleory01
600,Bobby McMann,TOR,0,1,1,-2,-0.1,0,0,0,0,18,0.0,mcmanbo02
601,Connor McMichael,WSH,0,0,0,0,-0.1,0,0,0,0,2,0.0,mcmicco01
602,Brayden McNabb,VEG,1,16,17,17,4.2,1,0,0,0,89,1.1,mcnabbr01
603,Mason McTavish,ANA,17,26,43,-19,3.0,10,7,0,1,161,10.6,mctavma01
604,Cole McWard,VAN,1,0,1,0,0.2,1,0,0,0,6,16.7,mcwarco01
605,Jaycob Megna,TOT,1,11,12,3,2.5,1,0,0,0,56,1.8,megnaja02
605,Jaycob Megna,SJS,1,11,12,6,2.7,1,0,0,0,49,2.0,megnaja02
605,Jaycob Megna,SEA,0,0,0,-3,-0.2,0,0,0,0,7,0.0,megnaja02
606,Jayson Megna,TOT,2,6,8,-21,-0.7,2,0,0,0,36,5.6,megnaja01
606,Jayson Megna,ANA,2,6,8,-19,-0.5,2,0,0,0,32,6.3,megnaja01
606,Jayson Megna,COL,0,0,0,-2,-0.2,0,0,0,0,4,0.0,megnaja01
607,Timo Meier,TOT,40,26,66,-19,7.1,23,17,0,5,327,12.2,meierti01
607,Timo Meier,SJS,31,21,52,-19,5.5,18,13,0,4,255,12.2,meierti01
607,Timo Meier,NJD,9,5,14,0,1.6,5,4,0,1,72,12.5,meierti01
608,Dawson Mercer,NJD,27,29,56,22,6.4,24,2,1,6,161,16.8,merceda01
609,Dakota Mermis,MIN,0,0,0,-1,0.0,0,0,0,0,1,0.0,mermida01
610,Jonathon Merrill,MIN,2,10,12,-2,2.6,2,0,0,0,43,4.7,merrijo01
611,Victor Mete,TOR,0,2,2,3,0.5,0,0,0,0,7,0.0,metevi01
612,Carson Meyer,CBJ,0,1,1,-2,-0.2,0,0,0,0,17,0.0,meyerca01
613,Ben Meyers,COL,4,0,4,-6,-0.1,4,0,0,0,33,12.1,meyerbe01
614,Jacob Middleton,MIN,3,12,15,15,4.8,3,0,0,0,79,3.8,middlja01
615,Ilya Mikheyev,VAN,13,15,28,3,2.6,12,1,0,2,91,14.3,mikheil01
616,Niko Mikkola,TOT,1,5,6,6,2.1,1,0,0,0,62,1.6,mikkoni01
616,Niko Mikkola,STL,0,3,3,2,0.9,0,0,0,0,31,0.0,mikkoni01
616,Niko Mikkola,NYR,1,2,3,4,1.2,1,0,0,0,31,3.2,mikkoni01
617,Sonny Milano,WSH,11,22,33,-5,2.8,10,1,0,3,80,13.8,milanso01
618,Colin Miller,DAL,6,15,21,23,5.6,5,1,0,3,106,5.7,milleco02
619,J.T. Miller,VAN,32,50,82,-7,7.5,16,11,5,3,223,14.3,millejt01
620,K'Andre Miller,NYR,9,34,43,12,7.5,9,0,0,2,113,8.0,milleka01
621,Daniil Miromanov,VEG,2,4,6,-6,0.5,1,1,0,0,22,9.1,miromda01
622,Ian Mitchell,CHI,1,7,8,-8,1.1,1,0,0,0,25,4.0,mitchia01
623,Casey Mittelstadt,BUF,15,44,59,-8,4.4,10,4,1,2,135,11.1,mitteca01
624,Sean Monahan,MTL,6,11,17,-5,1.3,5,1,0,0,55,10.9,monahse01
625,Brandon Montour,FLA,16,57,73,9,9.9,13,3,0,5,242,6.6,montobr01
626,Trevor Moore,LAK,10,19,29,-2,1.9,7,2,1,1,163,6.1,mooretr01
627,Josh Morrissey,WPG,16,60,76,2,11.3,14,2,0,6,172,9.3,morrijo04
628,J.J. Moser,ARI,7,24,31,-12,4.1,4,3,0,1,93,7.5,moserja01
629,Tyler Motte,TOT,8,11,19,3,1.5,7,0,1,1,109,7.3,mottety01
629,Tyler Motte,OTT,3,6,9,1,0.4,2,0,1,0,65,4.6,mottety01
629,Tyler Motte,NYR,5,5,10,2,1.1,5,0,0,1,44,11.4,mottety01
630,Jacob Moverare,LAK,0,0,0,-1,0.0,0,0,0,0,6,0.0,moverja01
631,Connor Murphy,CHI,7,6,13,-10,3.3,5,0,2,0,85,8.2,murphco02
632,Ryan Murray,EDM,0,3,3,-4,0.0,0,0,0,0,8,0.0,murrary01
633,Jake Muzzin,TOR,0,1,1,0,0.2,0,0,0,0,8,0.0,muzzija01
634,Philippe Myers,TBL,1,2,3,0,0.5,1,0,0,0,21,4.8,myersph01
635,Tyler Myers,VAN,1,16,17,-16,1.6,1,0,0,0,100,1.0,myersty01
636,Vladislav Namestnikov,TOT,8,17,25,5,1.7,7,1,0,0,108,7.4,namesvl01
636,Vladislav Namestnikov,TBL,6,9,15,-2,0.8,6,0,0,0,72,8.3,namesvl01
636,Vladislav Namestnikov,WPG,2,8,10,7,0.9,1,1,0,0,36,5.6,namesvl01
637,Martin Nečas,CAR,28,43,71,5,7.6,19,9,0,5,240,11.7,necasma01
638,Jake Neighbours,STL,6,4,10,-19,-0.1,5,1,0,1,53,11.3,neighja01
639,Brock Nelson,NYI,36,39,75,13,9.1,30,6,0,8,222,16.2,nelsobr01
640,Patrik Nemeth,ARI,0,5,5,-7,1.0,0,0,0,0,62,0.0,nemetpa01
641,Nikita Nesterenko,ANA,1,0,1,-3,-0.1,1,0,0,0,23,4.3,nesteni02
642,Alex Newhook,COL,14,16,30,0,2.3,13,1,0,3,116,12.1,newhoal01
643,Valeri Nichushkin,COL,17,30,47,15,4.9,6,10,1,2,158,10.8,nichuva01
644,Nino Niederreiter,TOT,24,17,41,-13,3.9,20,4,0,2,181,13.3,niedeni01
644,Nino Niederreiter,NSH,18,10,28,-9,2.8,15,3,0,1,130,13.8,niedeni01
644,Nino Niederreiter,WPG,6,7,13,-4,1.1,5,1,0,1,51,11.8,niedeni01
645,Markus Niemeläinen,EDM,0,0,0,3,0.3,0,0,0,0,16,0.0,niemema01
646,Matthew Nieto,TOT,12,12,24,-15,1.2,12,0,0,2,115,10.4,nietoma01
646,Matthew Nieto,SJS,8,7,15,-22,0.3,8,0,0,2,70,11.4,nietoma01
646,Matthew Nieto,COL,4,5,9,7,0.8,4,0,0,0,45,8.9,nietoma01
647,Stefan Noesen,CAR,13,23,36,11,3.8,6,7,0,4,134,9.7,noesest01
648,Joshua Norris,OTT,2,1,3,-1,0.2,2,0,0,0,15,13.3,norrijo01
649,Tomáš Nosek,BOS,7,11,18,9,1.3,5,0,2,1,69,10.1,nosekto01
650,Thomas Novak,NSH,17,26,43,5,4.8,12,5,0,3,93,18.3,novakth01
651,Ryan Nugent-Hopkins,EDM,37,67,104,12,10.9,21,15,1,3,201,18.4,nugenry01
652,Darnell Nurse,EDM,12,31,43,26,7.6,10,0,2,4,203,5.9,nurseda01
653,Alexander Nylander,PIT,1,1,2,1,0.1,1,0,0,0,11,9.1,nylanal01
654,William Nylander,TOR,40,47,87,10,10.0,31,9,0,5,293,13.7,nylanwi01
655,Gustav Nyquist,TOT,11,16,27,-9,2.0,9,0,2,2,102,10.8,nyquigu01
655,Gustav Nyquist,CBJ,10,12,22,-11,1.4,8,0,2,2,97,10.3,nyquigu01
655,Gustav Nyquist,MIN,1,4,5,2,0.6,1,0,0,0,5,20.0,nyquigu01
656,Liam O'Brien,ARI,3,8,11,-5,0.0,3,0,0,0,39,7.7,obrieli01
657,Drew O'Connor,PIT,5,6,11,-3,0.7,5,0,0,0,62,8.1,oconndr01
658,Logan O'Connor,COL,9,17,26,11,1.8,7,0,2,0,104,8.7,oconnlo01
659,Ryan O'Reilly,TOT,16,14,30,-21,2.0,14,1,1,4,102,15.7,oreilry01
659,Ryan O'Reilly,STL,12,7,19,-24,0.8,10,1,1,3,80,15.0,oreilry01
659,Ryan O'Reilly,TOR,4,7,11,3,1.2,4,0,0,1,22,18.2,oreilry01
660,Jordan Oesterle,DET,2,9,11,-9,1.6,2,0,0,0,54,3.7,oestejo01
661,Nikita Okhotyuk,NJD,1,0,1,1,0.3,1,0,0,1,6,16.7,okhotni01
662,Kyle Okposo,BUF,11,17,28,-7,1.5,9,1,1,3,150,7.3,okposky01
663,Oskar Olausson,COL,0,0,0,0,0.0,0,0,0,0,0,,olausos01
664,Jamie Oleksiak,SEA,9,16,25,13,4.8,9,0,0,2,76,11.8,oleksja01
665,Mathieu Olivier,CBJ,5,10,15,-20,0.1,5,0,0,1,75,6.7,olivima01
666,Fredrik Olofsson,DAL,1,3,4,0,0.0,1,0,0,1,34,2.9,olofsfr01
667,Gustav Olofsson,SEA,0,0,0,1,0.1,0,0,0,0,6,0.0,olofsgu01
668,Victor Olofsson,BUF,28,12,40,-23,3.7,21,7,0,5,161,17.4,olofsvi01
669,Dmitry Orlov,TOT,7,29,36,12,6.4,6,1,0,2,124,5.6,orlovdm01
669,Dmitry Orlov,WSH,3,16,19,2,3.3,3,0,0,2,77,3.9,orlovdm01
669,Dmitry Orlov,BOS,4,13,17,10,3.1,3,1,0,0,47,8.5,orlovdm01
670,T.J. Oshie,WSH,19,16,35,-18,3.1,10,9,0,2,126,15.1,oshietj01
671,Alex Ovechkin,WSH,42,33,75,-16,8.5,28,14,0,3,294,14.3,ovechal01
672,Brayden Pachal,VEG,0,2,2,2,0.5,0,0,0,0,18,0.0,pachabr01
673,Max Pacioretty,CAR,3,0,3,0,0.5,2,1,0,0,16,18.8,pacioma01
674,Jean-Gabriel Pageau,NYI,13,27,40,-2,3.2,5,5,3,2,123,10.6,pageaje01
675,Ondřej Palát,NJD,8,15,23,5,1.8,7,1,0,1,79,10.1,palaton01
676,Kyle Palmieri,NYI,16,17,33,13,3.8,13,3,0,3,122,13.1,palmiky01
677,Artemi Panarin,NYR,29,63,92,4,9.1,20,9,0,4,204,14.2,panarar01
678,Colton Parayko,STL,4,23,27,-19,2.5,4,0,0,1,133,3.0,parayco01
679,Zach Parise,NYI,21,13,34,7,3.6,16,3,2,2,182,11.5,parisza01
680,Juuso Pärssinen,NSH,6,19,25,-1,2.0,5,1,0,3,49,12.2,parssju01
681,David Pastrňák,BOS,61,52,113,34,15.1,43,18,0,13,407,15.0,pastrda01
682,Nick Paul,TBL,17,15,32,11,2.9,12,4,1,4,120,14.2,paulni01
683,Joe Pavelski,DAL,28,49,77,42,9.3,15,13,0,2,184,15.2,paveljo01
684,Tanner Pearson,VAN,1,4,5,-9,-0.1,1,0,0,0,17,5.9,pearsta01
685,Lane Pederson,TOT,3,3,6,-1,0.3,3,0,0,0,27,11.1,pederla01
685,Lane Pederson,CBJ,2,1,3,-4,0.1,2,0,0,0,12,16.7,pederla01
685,Lane Pederson,VAN,1,2,3,3,0.2,1,0,0,0,15,6.7,pederla01
686,Andrew Peeke,CBJ,6,7,13,-41,1.0,6,0,0,1,90,6.7,peekean01
687,Adam Pelech,NYI,6,15,21,15,5.1,6,0,0,0,97,6.2,pelecad01
688,Jakob Pelletier,CGY,3,4,7,-5,0.2,1,2,0,1,48,6.3,pelleja01
689,Nicklaus Perbix,TBL,5,15,20,11,4.0,5,0,0,2,111,4.5,perbini01
690,Cole Perfetti,WPG,8,22,30,10,2.8,7,1,0,0,90,8.9,perfeco01
691,David Perron,DET,24,32,56,-7,5.3,18,6,0,3,195,12.3,perroda01
692,Corey Perry,TBL,12,13,25,-28,0.9,6,6,0,3,116,10.3,perryco01
693,Brett Pesce,CAR,5,25,30,11,6.4,4,1,0,2,144,3.5,pescebr01
694,Nic Petan,MIN,1,2,3,0,0.2,1,0,0,0,10,10.0,petanni01
695,John-Jason Peterka,BUF,12,20,32,-15,1.7,10,2,0,1,125,9.6,peterjo01
696,Jacob Peterson,TOT,2,6,8,-12,0.2,0,2,0,0,21,9.5,peterja01
696,Jacob Peterson,SJS,2,6,8,-10,0.3,0,2,0,0,20,10.0,peterja01
696,Jacob Peterson,DAL,0,0,0,-2,-0.1,0,0,0,0,1,0.0,peterja01
697,Jeff Petry,PIT,5,26,31,2,4.8,3,2,0,0,113,4.4,petryje01
698,Elias Pettersson,VAN,39,63,102,16,10.9,28,6,5,6,257,15.2,petteel01
699,Marcus Pettersson,PIT,1,23,24,4,3.9,1,0,0,0,96,1.0,pettema01
700,Michael Pezzetta,MTL,7,8,15,-4,1.0,7,0,0,0,70,10.0,pezzemi01
701,Isaak Phillips,CHI,1,4,5,-10,0.2,1,0,0,0,16,6.3,phillis01
702,Matthew Phillips,CGY,0,0,0,0,0.0,0,0,0,0,1,0.0,phillma01
703,Luke Philp,CHI,0,1,1,0,0.0,0,0,0,0,0,,philplu01
704,Alex Pietrangelo,VEG,11,43,54,13,8.6,10,1,0,3,170,6.5,pietral01
705,Lawrence Pilut,BUF,1,2,3,-4,0.2,1,0,0,1,14,7.1,pilutla01
706,Shane Pinto,OTT,20,15,35,-21,2.6,15,5,0,2,158,12.7,pintosh01
707,Neal Pionk,WPG,10,23,33,-12,5.6,9,1,0,2,142,7.0,pionkne01
708,Rem Pitlick,MTL,6,9,15,-15,0.5,5,1,0,1,30,20.0,pitlire01
709,Tyler Pitlick,STL,7,9,16,-1,1.1,7,0,0,0,54,13.0,pitlity01
710,Vasily Podkolzin,VAN,4,3,7,-5,0.0,4,0,0,0,41,9.8,podkova01
711,Ryan Poehling,PIT,7,7,14,-2,0.9,5,0,2,0,64,10.9,poehlry01
712,Brayden Point,TBL,51,44,95,2,11.2,31,20,0,9,235,21.7,pointbr01
713,Tucker Poolman,VAN,0,1,1,1,0.2,0,0,0,0,3,0.0,poolmtu01
714,Samuel Poulin,PIT,0,1,1,-3,-0.1,0,0,0,0,2,0.0,poulisa01
715,Derrick Pouliot,SJS,0,2,2,-1,0.3,0,0,0,0,4,0.0,poulide01
716,Owen Power,BUF,4,31,35,10,5.3,4,0,0,1,130,3.1,powerow01
717,Aliaksei Protas,WSH,4,11,15,-8,0.5,4,0,0,0,83,4.8,protaal01
718,Ivan Provorov,PHI,6,21,27,-17,4.1,6,0,0,1,115,5.2,provoiv01
719,Jesse Puljujärvi,TOT,5,11,16,-13,-0.1,5,0,0,1,125,4.0,puljuje01
719,Jesse Puljujärvi,EDM,5,9,14,-11,0.1,5,0,0,1,88,5.7,puljuje01
719,Jesse Puljujärvi,CAR,0,2,2,-2,-0.2,0,0,0,0,37,0.0,puljuje01
720,Ryan Pulock,NYI,5,21,26,10,5.5,4,1,0,1,126,4.0,pulocry01
721,Mikael Pyyhtia,CBJ,0,1,1,-2,0.0,0,0,0,0,2,0.0,pyyhtmi01
722,Jack Quinn,BUF,14,23,37,-7,2.7,13,1,0,2,126,11.1,quinnja01
723,Darren Raddysh,TBL,1,2,3,-4,0.3,1,0,0,0,25,4.0,raddyda01
724,Taylor Raddysh,CHI,20,17,37,-28,2.8,13,7,0,1,129,15.5,raddyta01
725,Rickard Rakell,PIT,28,32,60,-5,5.7,17,11,0,2,243,11.5,rakelri01
726,Sampo Ranta,COL,0,0,0,0,-0.1,0,0,0,0,5,0.0,rantasa01
727,Mikko Rantanen,COL,55,50,105,15,12.8,42,13,0,9,306,18.0,rantami01
728,Adam Raška,SJS,0,0,0,0,-0.1,0,0,0,0,1,0.0,raskaad01
729,Michael Rasmussen,DET,10,19,29,2,2.5,10,0,0,0,88,11.4,rasmumi01
730,Jack Rathbone,VAN,1,1,2,-1,0.3,1,0,0,0,12,8.3,rathbja01
731,Aatu Räty,TOT,2,1,3,0,0.3,2,0,0,0,16,12.5,ratyaa01
731,Aatu Räty,NYI,2,0,2,1,0.3,2,0,0,0,16,12.5,ratyaa01
731,Aatu Räty,VAN,0,1,1,-1,0.0,0,0,0,0,0,,ratyaa01
732,Lucas Raymond,DET,17,28,45,-17,3.4,12,5,0,4,134,12.7,raymolu01
733,Ryan Reaves,TOT,5,10,15,-6,0.7,5,0,0,0,48,10.4,reavery01
733,Ryan Reaves,MIN,5,10,15,-1,1.0,5,0,0,0,45,11.1,reavery01
733,Ryan Reaves,NYR,0,0,0,-5,-0.3,0,0,0,0,3,0.0,reavery01
734,Pavol Regenda,ANA,1,2,3,-3,0.0,1,0,0,0,17,5.9,regenpa01
735,Alec Regula,CHI,0,0,0,-3,-0.1,0,0,0,0,2,0.0,regulal01
736,Kristian Reichel,WPG,0,1,1,0,0.1,0,0,0,0,1,0.0,reichkr01
737,Lukas Reichel,CHI,7,8,15,-8,1.4,7,0,0,0,42,16.7,reichlu01
738,Mike Reilly,BOS,0,1,1,0,0.2,0,0,0,0,12,0.0,reillmi01
739,Sam Reinhart,FLA,31,36,67,-12,5.9,15,16,0,5,227,13.7,reinhsa01
740,Sheldon Rempal,VEG,0,0,0,-2,-0.1,0,0,0,0,0,,rempash01
741,Dan Renouf,BOS,0,0,0,-3,-0.2,0,0,0,0,5,0.0,renouda01
742,Anthony Richard,MTL,3,2,5,2,0.6,3,0,0,1,13,23.1,richaan01
743,Justin Richards,CBJ,0,1,1,-1,0.0,0,0,0,0,0,,richaju01
744,Morgan Rielly,TOR,4,37,41,-9,4.9,3,1,0,1,126,3.2,riellmo01
745,Rasmus Ristolainen,PHI,3,17,20,-4,3.5,1,1,1,0,86,3.5,ristora01
746,Brett Ritchie,TOT,8,5,13,0,1.2,8,0,0,0,68,11.8,ritchbr01
746,Brett Ritchie,CGY,6,2,8,2,0.9,6,0,0,0,46,13.0,ritchbr01
746,Brett Ritchie,ARI,2,3,5,-2,0.3,2,0,0,0,22,9.1,ritchbr01
747,Nick Ritchie,TOT,13,13,26,-21,1.2,9,4,0,2,120,10.8,ritchni01
747,Nick Ritchie,ARI,9,12,21,-15,0.9,5,4,0,2,87,10.3,ritchni01
747,Nick Ritchie,CGY,4,1,5,-6,0.3,4,0,0,0,33,12.1,ritchni01
748,Jason Robertson,DAL,46,63,109,37,13.9,33,13,0,7,313,14.7,roberja01
749,Nicholas Robertson,TOR,2,3,5,2,0.5,2,0,0,1,27,7.4,roberni01
750,Tristen Robins,SJS,0,0,0,-1,-0.1,0,0,0,0,2,0.0,robintr01
751,Buddy Robinson,CHI,1,2,3,1,0.3,1,0,0,0,13,7.7,robinbu01
752,Eric Robinson,CBJ,12,12,24,-21,1.3,12,0,0,1,98,12.2,robiner01
753,Evan Rodrigues,COL,16,23,39,7,3.5,10,6,0,2,184,8.7,rodriev01
754,Alexander Romanov,NYI,2,20,22,13,4.8,2,0,0,0,100,2.0,romanal01
755,Kevin Rooney,CGY,0,1,1,-2,-0.2,0,0,0,0,14,0.0,rooneke01
756,Filip Roos,CHI,1,2,3,-5,0.4,1,0,0,0,19,5.3,roosfi01
757,Calle Rosén,STL,8,10,18,19,4.3,8,0,0,2,62,12.9,rosenca01
758,Jack Roslovic,CBJ,11,33,44,-14,3.0,7,2,2,2,123,8.9,rosloja01
759,Marco Rossi,MIN,0,1,1,-7,-0.5,0,0,0,0,13,0.0,rossima01
760,Lukáš Rousek,BUF,1,1,2,2,0.3,1,0,0,0,3,33.3,rouselu01
761,Matt Roy,LAK,9,17,26,8,5.2,8,0,1,2,135,6.7,royma04
762,Nicolas Roy,VEG,14,16,30,10,2.8,11,3,0,5,101,13.9,royni01
763,Chad Ruhwedel,PIT,1,4,5,-4,0.9,1,0,0,0,36,2.8,ruhwech01
764,Bryan Rust,PIT,20,26,46,-4,3.8,18,2,0,2,211,9.5,rustbr01
765,Jan Rutta,PIT,3,6,9,3,2.2,3,0,0,0,64,4.7,ruttaja02
766,Adam Ružička,CGY,6,14,20,-1,1.6,4,2,0,2,64,9.4,ruzicad01
767,Derek Ryan,EDM,13,7,20,11,1.8,11,0,2,0,92,14.1,ryande01
768,Jonas Røndbjerg,VEG,0,1,1,-5,-0.3,0,0,0,0,15,0.0,rondbjo01
769,Brandon Saad,STL,19,18,37,-8,3.1,15,2,2,1,127,15.0,saadbr01
770,Robin Salo,NYI,2,2,4,1,0.8,2,0,0,0,9,22.2,saloro01
771,Dylan Samberg,WPG,2,6,8,10,2.9,2,0,0,0,49,4.1,sambedy01
772,Dmitri Samorukov,STL,0,0,0,-1,-0.1,0,0,0,0,1,0.0,samordm01
773,Mattias Samuelsson,BUF,2,8,10,14,2.7,2,0,0,0,76,2.6,samuema02
774,Jake Sanderson,OTT,4,28,32,-6,4.9,2,2,0,0,132,3.0,sandeja01
775,Rasmus Sandin,TOT,7,28,35,3,5.5,7,0,0,0,81,8.6,sandira01
775,Rasmus Sandin,TOR,4,16,20,10,3.8,4,0,0,0,58,6.9,sandira01
775,Rasmus Sandin,WSH,3,12,15,-7,1.7,3,0,0,0,23,13.0,sandira01
776,Zach Sanford,NSH,2,1,3,-3,0.1,2,0,0,1,20,10.0,sanfoza01
777,Travis Sanheim,PHI,7,16,23,-5,4.4,6,0,1,1,111,6.3,sanhetr01
778,Steven Santini,STL,0,1,1,0,0.1,0,0,0,0,5,0.0,santist01
779,David Savard,MTL,3,17,20,-14,2.3,3,0,0,1,63,4.8,savarda01
780,Marco Scandella,STL,1,1,2,2,0.6,1,0,0,0,17,5.9,scandma01
781,Mark Scheifele,WPG,42,26,68,-16,7.3,30,12,0,10,206,20.4,scheima01
782,Brayden Schenn,STL,21,44,65,-27,4.7,15,6,0,3,144,14.6,schenbr01
783,Luke Schenn,TOT,4,18,22,8,3.8,4,0,0,0,81,4.9,schenlu01
783,Luke Schenn,VAN,3,18,21,9,3.5,3,0,0,0,68,4.4,schenlu01
783,Luke Schenn,TOR,1,0,1,-1,0.3,1,0,0,0,13,7.7,schenlu01
784,Nick Schmaltz,ARI,22,36,58,4,5.6,16,6,0,2,132,16.7,schmani01
785,Nate Schmidt,WPG,7,12,19,15,5.3,4,3,0,0,101,6.9,schmina01
786,Braden Schneider,NYR,5,13,18,9,4.1,5,0,0,1,79,6.3,schnebr01
787,Corey Schueneman,MTL,0,1,1,1,0.2,0,0,0,0,8,0.0,schueco01
788,Justin Schultz,SEA,7,27,34,4,4.8,6,1,0,4,98,7.1,schulju01
789,Jaden Schwartz,SEA,21,19,40,-17,3.0,15,6,0,2,167,12.6,schwaja01
790,Lukáš Sedlák,TOT,3,5,8,4,0.6,3,0,0,0,44,6.8,sedlalu01
790,Lukáš Sedlák,PHI,3,5,8,3,0.6,3,0,0,0,43,7.0,sedlalu01
790,Lukáš Sedlák,COL,0,0,0,1,0.0,0,0,0,0,1,0.0,sedlalu01
791,Nick Seeler,PHI,4,10,14,1,3.1,4,0,0,0,84,4.8,seeleni01
792,Tyler Seguin,DAL,21,29,50,3,4.9,13,7,1,3,189,11.1,seguity01
793,Moritz Seider,DET,5,37,42,-11,6.1,3,1,1,1,140,3.6,seidemo01
794,Brett Seney,CHI,1,0,1,-2,0.0,1,0,0,0,9,11.1,seneybr01
795,Mikhail Sergachev,TBL,10,54,64,13,9.3,7,3,0,2,156,6.4,sergami01
796,Damon Severson,NJD,7,26,33,9,5.6,5,1,1,2,102,6.9,severda01
797,Yegor Sharangovich,NJD,13,17,30,-3,2.1,11,0,2,2,131,9.9,sharaye01
798,Kevin Shattenkirk,ANA,4,23,27,-20,3.0,3,1,0,0,145,2.8,shattke01
799,Mason Shaw,MIN,7,10,17,-1,1.3,7,0,0,0,92,7.6,shawma01
800,Riley Sheahan,BUF,0,0,0,-2,-0.1,0,0,0,0,0,,sheahri01
801,Conor Sheary,WSH,15,22,37,9,3.4,11,2,2,1,154,9.7,shearco01
802,Kiefer Sherwood,NSH,7,6,13,4,1.4,6,1,0,0,57,12.3,sherwki01
803,Devin Shore,EDM,1,8,9,6,0.4,1,0,0,0,33,3.0,shorede01
804,Jonas Siegenthaler,NJD,4,17,21,27,5.4,3,1,0,1,84,4.8,siegejo01
805,Jakob Silfverberg,ANA,10,16,26,-20,0.7,6,4,0,2,141,7.1,silfvja01
806,Cole Sillinger,CBJ,3,8,11,-23,-0.7,1,2,0,0,93,3.2,sillico01
807,Radim Šimek,SJS,1,2,3,-13,0.1,1,0,0,0,39,2.6,simekra01
808,Wayne Simmonds,TOR,0,2,2,1,0.0,0,0,0,0,9,0.0,simmowa01
809,Colton Sissons,NSH,12,18,30,-4,2.0,11,0,1,1,87,13.8,sissoco01
810,Jeff Skinner,BUF,35,47,82,15,9.3,27,8,0,3,242,14.5,skinnje01
811,Brady Skjei,CAR,18,20,38,7,8.2,13,4,1,3,188,9.6,skjeibr01
812,Juraj Slafkovsky,MTL,4,6,10,-13,0.1,3,1,0,0,42,9.5,slafkju01
813,Jaccob Slavin,CAR,7,20,27,18,6.7,7,0,0,1,131,5.3,slavija01
814,Brendan Smith,NJD,0,5,5,3,1.3,0,0,0,0,58,0.0,smithbr05
815,Cole Smith,NSH,4,13,17,-3,0.6,4,0,0,1,64,6.3,smithco02
816,Craig Smith,TOT,9,7,16,5,1.4,9,0,0,2,104,8.7,smithcr01
816,Craig Smith,BOS,4,6,10,4,0.7,4,0,0,0,51,7.8,smithcr01
816,Craig Smith,WSH,5,1,6,1,0.7,5,0,0,2,53,9.4,smithcr01
817,Givani Smith,TOT,1,3,4,-2,-0.1,1,0,0,0,30,3.3,smithgi01
817,Givani Smith,FLA,1,3,4,1,0.1,1,0,0,0,27,3.7,smithgi01
817,Givani Smith,DET,0,0,0,-3,-0.1,0,0,0,0,3,0.0,smithgi01
818,Nathan Smith,ARI,0,0,0,-1,-0.1,0,0,0,0,2,0.0,smithna03
819,Reilly Smith,VEG,26,30,56,11,6.1,16,6,4,4,180,14.4,smithre01
820,Ty Smith,PIT,1,3,4,3,0.9,1,0,0,0,27,3.7,smithty01
821,Joe Snively,WSH,2,2,4,3,0.5,2,0,0,0,16,12.5,snivejo01
822,Elmer Söderblom,DET,5,3,8,0,0.9,5,0,0,2,30,16.7,soderel01
823,Victor Söderström,ARI,0,9,9,-3,1.0,0,0,0,0,31,0.0,sodervi01
824,Egor Sokolov,OTT,1,1,2,2,0.3,1,0,0,1,5,20.0,sokoleg01
825,Nikita Soshnikov,NYI,0,0,0,-2,-0.1,0,0,0,0,4,0.0,soshnni01
826,Carson Soucy,SEA,3,13,16,18,3.7,3,0,0,0,87,3.4,soucyca01
827,Jordan Spence,LAK,0,1,1,1,0.2,0,0,0,0,6,0.0,spencjo01
828,Daniel Sprong,SEA,21,25,46,13,5.5,15,6,0,3,147,14.3,spronda01
829,Jared Spurgeon,MIN,11,23,34,32,8.9,10,1,0,3,149,7.4,spurgja01
830,Eric Staal,FLA,14,15,29,-5,2.0,12,0,2,1,106,13.2,staaler01
831,Jordan Staal,CAR,17,17,34,7,3.3,16,0,1,3,124,13.7,staaljo01
832,Marc Staal,FLA,3,12,15,10,3.0,3,0,0,0,55,5.5,staalma01
833,Steven Stamkos,TBL,34,50,84,-5,8.4,20,14,0,6,240,14.2,stamkst01
834,Logan Stanley,WPG,1,2,3,-1,0.7,1,0,0,0,11,9.1,stanllo01
835,Spencer Stastney,NSH,0,2,2,5,0.7,0,0,0,0,9,0.0,stastsp01
836,Paul Stastny,CAR,9,13,22,4,1.9,7,2,0,3,80,11.3,stastpa01
837,Troy Stecher,TOT,3,11,14,-6,2.3,3,0,0,1,88,3.4,stechtr01
837,Troy Stecher,ARI,0,7,7,-3,1.2,0,0,0,0,62,0.0,stechtr01
837,Troy Stecher,CGY,3,4,7,-3,1.0,3,0,0,1,26,11.5,stechtr01
838,Sam Steel,MIN,10,18,28,11,2.6,9,0,1,2,85,11.8,steelsa01
839,Oskar Steen,BOS,1,0,1,0,0.1,1,0,0,0,5,20.0,steenos01
840,Alex Steeves,TOR,0,0,0,-2,-0.1,0,0,0,0,3,0.0,steeval02
841,Kevin Stenlund,WPG,6,3,9,3,0.6,4,0,2,0,63,9.5,stenlke01
842,Derek Stepan,CAR,5,6,11,8,0.9,5,0,0,0,98,5.1,stepade01
843,Chandler Stephenson,VEG,16,49,65,12,5.6,9,6,1,5,120,13.3,stephch02
844,Riley Stillman,TOT,1,7,8,-13,0.3,1,0,0,0,37,2.7,stillri01
844,Riley Stillman,VAN,0,5,5,-14,-0.2,0,0,0,0,29,0.0,stillri01
844,Riley Stillman,BUF,1,2,3,1,0.5,1,0,0,0,8,12.5,stillri01
845,Mark Stone,VEG,17,21,38,11,4.3,12,3,2,1,113,15.0,stonema01
846,Michael Stone,CGY,6,5,11,2,2.4,6,0,0,1,92,6.5,stonemi01
847,Anton Strålman,BOS,0,0,0,-3,-0.1,0,0,0,0,3,0.0,stralan01
848,Austin Strand,ANA,0,0,0,-2,-0.1,0,0,0,0,5,0.0,stranau01
849,Dylan Strome,WSH,23,42,65,-4,6.3,20,3,0,2,154,14.9,stromdy01
850,Ryan Strome,ANA,15,26,41,-30,1.9,14,1,0,2,130,11.5,stromry01
851,Marián Studenič,DAL,0,0,0,-1,-0.1,0,0,0,0,4,0.0,studema01
852,Jack Studnicka,TOT,4,4,8,-12,-0.2,4,0,0,1,65,6.2,studnja01
852,Jack Studnicka,VAN,4,4,8,-11,-0.2,4,0,0,1,65,6.2,studnja01
852,Jack Studnicka,BOS,0,0,0,-1,-0.1,0,0,0,0,0,,studnja01
853,Nico Sturm,SJS,14,12,26,-13,1.7,13,0,1,1,119,11.8,sturmni01
854,Tim Stützle,OTT,39,51,90,-3,10.0,26,10,3,3,228,17.1,stuetti02
855,C.J. Suess,SJS,0,0,0,-1,0.0,0,0,0,0,0,,frankcl01
856,Oskar Sundqvist,TOT,10,18,28,-4,2.1,7,3,0,0,69,14.5,sundqos01
856,Oskar Sundqvist,DET,7,14,21,-4,1.4,5,2,0,0,59,11.9,sundqos01
856,Oskar Sundqvist,MIN,3,4,7,0,0.7,2,1,0,0,10,30.0,sundqos01
857,Pius Suter,DET,14,10,24,-3,1.8,12,0,2,1,106,13.2,suterpi01
858,Ryan Suter,DAL,3,22,25,0,4.4,3,0,0,1,92,3.3,suterry01
859,Nick Suzuki,MTL,26,40,66,-13,5.4,16,7,3,2,162,16.0,suzukni01
860,Andrei Svechnikov,CAR,23,32,55,6,6.1,18,5,0,4,205,11.2,svechan01
861,Evgeny Svechnikov,SJS,8,6,14,-6,0.9,8,0,0,0,64,12.5,svechev01
862,Stanislav Svozil,CBJ,0,1,1,-3,-0.1,0,0,0,0,3,0.0,svozist01
863,Nick Swaney,MIN,0,0,0,0,0.0,0,0,0,0,0,,swaneni01
864,Billy Sweezey,CBJ,0,1,1,-3,0.1,0,0,0,0,3,0.0,sweezbi01
865,Brandon Tanev,SEA,16,19,35,21,3.5,15,0,1,3,115,13.9,tanevbr01
866,Chris Tanev,CGY,1,12,13,7,3.1,1,0,0,1,75,1.3,tanevch01
867,Vladimir Tarasenko,TOT,18,32,50,-14,4.1,14,3,1,1,169,10.7,tarasvl01
867,Vladimir Tarasenko,STL,10,19,29,-18,1.9,7,2,1,0,103,9.7,tarasvl01
867,Vladimir Tarasenko,NYR,8,13,21,4,2.1,7,1,0,1,66,12.1,tarasvl01
868,Tomáš Tatar,NJD,20,28,48,41,5.9,19,1,0,1,153,13.1,tatarto01
869,John Tavares,TOR,36,44,80,-7,8.5,18,18,0,9,277,13.0,tavarjo01
870,Joel Teasdale,MTL,0,1,1,-2,0.0,0,0,0,0,1,0.0,teasdjo01
871,Teuvo Teräväinen,CAR,12,25,37,11,3.5,5,5,2,2,144,8.3,teravte01
872,Troy Terry,ANA,23,38,61,-8,5.5,18,5,0,3,188,12.2,terrytr01
873,Shea Theodore,VEG,8,33,41,16,6.8,6,2,0,2,136,5.9,theodsh01
874,Robert Thomas,STL,18,47,65,-8,5.2,12,5,1,2,106,17.0,thomaro01
875,Tage Thompson,BUF,47,47,94,4,11.1,26,20,1,7,295,15.9,thompta01
876,Tyce Thompson,NJD,0,0,0,-1,-0.1,0,0,0,0,1,0.0,thompty01
877,Lassi Thomson,OTT,0,0,0,-2,-0.1,0,0,0,0,1,0.0,thomsla01
878,Henry Thrun,SJS,0,2,2,-3,0.1,0,0,0,0,7,0.0,thrunhe01
879,Chris Tierney,TOT,3,7,10,-8,0.3,3,0,0,0,19,15.8,tiernch01
879,Chris Tierney,MTL,1,6,7,-7,0.0,1,0,0,0,13,7.7,tiernch01
879,Chris Tierney,FLA,2,1,3,-1,0.2,2,0,0,0,6,33.3,tiernch01
880,Conor Timmins,TOT,2,12,14,-1,1.8,2,0,0,1,19,10.5,timmico01
880,Conor Timmins,TOR,2,12,14,1,1.9,2,0,0,1,16,12.5,timmico01
880,Conor Timmins,ARI,0,0,0,-2,-0.1,0,0,0,0,3,0.0,timmico01
881,Jarred Tinordi,CHI,2,6,8,-17,0.7,2,0,0,1,32,6.3,tinorja01
882,Owen Tippett,PHI,27,22,49,-17,4.7,19,8,0,4,231,11.7,tippeow01
883,Brady Tkachuk,OTT,35,48,83,-10,8.9,24,11,0,6,347,10.1,tkachbr01
884,Matthew Tkachuk,FLA,40,69,109,29,12.3,26,14,0,6,322,12.4,tkachma01
885,Devon Toews,COL,7,43,50,39,10.0,6,1,0,0,165,4.2,toewsde01
886,Jonathan Toews,CHI,15,16,31,-31,2.1,6,9,0,1,87,17.2,toewsjo01
887,Tyler Toffoli,CGY,34,39,73,16,8.6,24,10,0,4,268,12.7,toffoty01
888,Eeli Tolvanen,TOT,18,13,31,8,3.4,14,4,0,4,116,15.5,tolvaee01
888,Eeli Tolvanen,SEA,16,11,27,10,3.2,12,4,0,3,97,16.5,tolvaee01
888,Eeli Tolvanen,NSH,2,2,4,-2,0.3,2,0,0,1,19,10.5,tolvaee01
889,Philip Tomasino,NSH,5,13,18,5,1.7,1,4,0,0,54,9.3,tomasph01
890,Dominic Toninato,WPG,0,1,1,0,0.0,0,0,0,0,7,0.0,tonindo01
891,Alexey Toropchenko,STL,10,9,19,6,1.6,9,0,1,0,86,11.6,toropal01
892,Yakov Trenin,NSH,12,12,24,-7,1.5,10,0,2,2,140,8.6,treniya01
893,Vincent Trocheck,NYR,22,42,64,3,5.7,13,9,0,3,225,9.8,trochvi01
894,Jacob Trouba,NYR,8,22,30,7,5.8,5,2,1,2,199,4.0,troubja01
895,Alex Tuch,BUF,36,43,79,14,9.0,27,8,1,9,218,16.5,tuchal01
896,Tyler Tucker,STL,1,3,4,-9,0.0,1,0,0,0,21,4.8,tuckety01
897,Riley Tufte,DAL,0,0,0,-1,-0.1,0,0,0,0,1,0.0,tufteri01
898,Alex Turcotte,LAK,0,0,0,-2,-0.1,0,0,0,0,2,0.0,turcoal02
899,Urho Vaakanainen,ANA,0,2,2,-16,-0.6,0,0,0,0,27,0.0,vaakaur01
900,Juuso Välimäki,ARI,4,30,34,-10,4.0,3,1,0,1,93,4.3,valimju01
901,James van Riemsdyk,PHI,12,17,29,-3,2.4,10,2,0,1,119,10.1,vanrija01
902,Trevor van Riemsdyk,WSH,7,16,23,10,5.1,7,0,0,0,97,7.2,vanritr01
903,Frank Vatrano,ANA,22,19,41,-29,2.7,17,5,0,1,231,9.5,vatrafr01
904,Joe Veleno,DET,9,11,20,-12,0.8,8,1,0,1,85,10.6,velenjo01
905,Carter Verhaeghe,FLA,42,31,73,10,8.7,35,7,0,2,275,15.3,verhaca01
906,Jimmy Vesey,NYR,11,14,25,13,2.1,10,0,1,4,123,8.9,veseyji02
907,Jeffrey Viel,SJS,0,0,0,0,-0.1,0,0,0,0,4,0.0,vielje01
908,Gabriel Vilardi,LAK,23,18,41,10,4.8,18,5,0,6,122,18.9,vilarga01
909,Alex Vlasic,CHI,0,1,1,-1,0.2,0,0,0,0,4,0.0,vlasial01
910,Marc-Édouard Vlasic,SJS,1,17,18,-14,2.3,1,0,0,0,67,1.5,vlasima01
911,Jakub Voráček,CBJ,1,5,6,-7,0.2,0,1,0,0,17,5.9,voracja01
912,Jakub Vrána,TOT,11,5,16,3,2.1,7,4,0,2,63,17.5,vranaja01
912,Jakub Vrána,STL,10,4,14,2,1.9,6,4,0,2,56,17.9,vranaja01
912,Jakub Vrána,DET,1,1,2,1,0.2,1,0,0,0,7,14.3,vranaja01
913,Austin Wagner,CHI,1,1,2,-2,0.1,1,0,0,1,13,7.7,wagneau01
914,Chris Wagner,BOS,0,0,0,0,0.0,0,0,0,0,0,,wagnech01
915,Oliver Wahlstrom,NYI,7,9,16,5,1.8,6,1,0,1,70,10.0,wahlsol01
916,Nathan Walker,STL,2,8,10,10,0.5,2,0,0,1,43,4.7,walkena01
917,Samuel Walker,MIN,1,1,2,-1,0.1,1,0,0,0,8,12.5,walkesa01
918,Sean Walker,LAK,3,10,13,-3,2.2,3,0,0,1,94,3.2,walkese01
919,Jake Walman,DET,9,9,18,10,4.9,9,0,0,2,140,6.4,walmaja01
920,Austin Watson,OTT,9,2,11,-7,0.5,6,0,3,2,79,11.4,watsoau01
921,MacKenzie Weegar,CGY,4,27,31,15,6.1,4,0,0,1,160,2.5,weegama01
922,Alexander Wennberg,SEA,13,25,38,-7,1.8,9,4,0,3,101,12.9,wennbal01
923,Zach Werenski,CBJ,3,5,8,-6,1.0,3,0,0,0,41,7.3,werenza01
924,Blake Wheeler,WPG,16,39,55,-3,4.8,9,7,0,6,126,12.7,wheelbl01
925,Colin White,FLA,8,7,15,0,1.0,8,0,0,0,64,12.5,whiteco02
926,Colton White,ANA,0,6,6,-17,0.0,0,0,0,0,30,0.0,whiteco03
927,Zach Whitecloud,VEG,5,7,12,10,3.2,5,0,0,1,64,7.8,whiteza01
928,Chris Wideman,MTL,0,6,6,-6,0.6,0,0,0,0,31,0.0,widemch01
929,Maxwell Willman,PHI,0,0,0,-3,-0.2,0,0,0,0,9,0.0,willmma01
930,Tom Wilson,WSH,13,9,22,-13,2.0,9,4,0,1,82,15.9,wilsoto01
931,Christian Wolanin,VAN,0,3,3,5,0.8,0,0,0,0,16,0.0,wolanch01
932,Miles Wood,NJD,13,14,27,1,2.3,11,2,0,2,167,7.8,woodmi01
933,Parker Wotherspoon,NYI,0,1,1,5,0.6,0,0,0,0,10,0.0,wothepa01
934,Shane Wright,SEA,1,1,2,4,0.3,1,0,0,0,4,25.0,wrighsh01
935,Arber Xhekaj,MTL,5,8,13,-9,1.7,3,2,0,0,75,6.7,xhekaar01
936,Kailer Yamamoto,EDM,10,15,25,12,1.9,9,0,1,3,97,10.3,yamamka01
937,Jesse Ylönen,MTL,6,10,16,-11,0.9,5,1,0,1,43,14.0,yloneje01
938,Cameron York,PHI,2,18,20,-1,3.2,2,0,0,0,42,4.8,yorkca01
939,Pavel Zacha,BOS,21,36,57,26,6.1,18,3,0,3,131,16.0,zachapa01
940,Filip Zadina,DET,3,4,7,-5,0.2,3,0,0,2,51,5.9,zadinfi01
941,Nikita Zadorov,CGY,14,7,21,10,5.6,14,0,0,2,130,10.8,zadorni01
942,Nikita Zaitsev,TOT,1,7,8,-9,1.1,1,0,0,0,20,5.0,zaitsni01
942,Nikita Zaitsev,OTT,0,5,5,-5,0.6,0,0,0,0,10,0.0,zaitsni01
942,Nikita Zaitsev,CHI,1,2,3,-4,0.5,1,0,0,0,10,10.0,zaitsni01
943,Yegor Zamula,PHI,0,4,4,0,0.6,0,0,0,0,8,0.0,zamulye01
944,Jakub Zbořil,BOS,1,3,4,-1,0.6,1,0,0,1,13,7.7,zborija01
945,Trevor Zegras,ANA,23,42,65,-24,5.0,19,4,0,3,184,12.5,zegratr01
946,Fabian Zetterlund,TOT,6,17,23,-6,1.1,5,1,0,1,118,5.1,zettefa01
946,Fabian Zetterlund,NJD,6,14,20,4,1.6,5,1,0,1,81,7.4,zettefa01
946,Fabian Zetterlund,SJS,0,3,3,-10,-0.5,0,0,0,0,37,0.0,zettefa01
947,Mika Zibanejad,NYR,39,52,91,25,10.6,18,20,1,5,251,15.5,zibanmi01
948,Radim Zohorna,TOT,1,0,1,-1,0.0,1,0,0,0,9,11.1,zohorra01
948,Radim Zohorna,CGY,0,0,0,-2,-0.2,0,0,0,0,3,0.0,zohorra01
948,Radim Zohorna,TOR,1,0,1,1,0.2,1,0,0,0,6,16.7,zohorra01
949,Artem Zub,OTT,3,7,10,2,2.5,3,0,0,0,41,7.3,zubar01
950,Mats Zuccarello,MIN,22,45,67,-3,6.2,13,9,0,3,198,11.1,zuccama01
951,Jason Zucker,PIT,27,21,48,-4,5.0,25,2,0,5,197,13.7,zuckeja01


.